"Noise_dBm","Sweep_km","VOA_dB","QBER","SecureKeyRate_bps","NoiseCondition","LogSKR"
"none",0,10,0.0312,352387,"Baseline",5.54702111079984
"none",0,10,0.0315,325497,"Baseline",5.51254832441993
"none",0,10,0.0317,314862,"Baseline",5.49812162907118
"none",0,10,0.0318,319108,"Baseline",5.50393905300334
"none",0,10,0.0318,324400,"Baseline",5.51108218429933
"none",0,10,0.0319,321884,"Baseline",5.50770073881977
"none",0,10,0.032,290307,"Baseline",5.46285900382335
"none",0,10,0.032,320555,"Baseline",5.5059039101934
"none",0,10,0.0321,304599,"Baseline",5.48372989900002
"none",0,10,0.0321,317192,"Baseline",5.50132359448757
"none",0,10,0.0322,317606,"Baseline",5.50189006563123
"none",0,10,0.0323,308355,"Baseline",5.48905240335918
"none",0,10,0.0323,318441,"Baseline",5.50303034287627
"none",0,10,0.0323,338334,"Baseline",5.52934692690598
"none",0,10,0.0324,295117,"Baseline",5.46999569903663
"none",0,10,0.0324,300627,"Baseline",5.47802942761211
"none",0,10,0.0324,312002,"Baseline",5.49415876990685
"none",0,10,0.0324,316933,"Baseline",5.5009688318704
"none",0,10,0.0325,312131,"Baseline",5.49433829513444
"none",0,10,0.0325,315470,"Baseline",5.49895944244278
"none",0,10,0.0325,325371,"Baseline",5.51238017684698
"none",0,10,0.0326,314208,"Baseline",5.49721862053323
"none",0,10,0.0327,305277,"Baseline",5.48469550779402
"none",0,10,0.0327,310483,"Baseline",5.49203922483225
"none",0,10,0.0327,311074,"Baseline",5.4928651097962
"none",0,10,0.0327,314519,"Baseline",5.49764826699423
"none",0,10,0.0327,325068,"Baseline",5.51197555525168
"none",0,10,0.0327,333520,"Baseline",5.52312318427053
"none",0,10,0.0328,313712,"Baseline",5.49653251586473
"none",0,10,0.033,308667,"Baseline",5.4894916079603
"none",0,10,0.033,322186,"Baseline",5.50810801298523
"none",0,10,0.0331,279350,"Baseline",5.44615023035416
"none",0,10,0.0331,309846,"Baseline",5.49114729558089
"none",0,10,0.0331,319634,"Baseline",5.5046543284474
"none",0,10,0.0331,320264,"Baseline",5.50550947960227
"none",0,10,0.0332,279433,"Baseline",5.44627924756923
"none",0,10,0.0332,282173,"Baseline",5.45051699461773
"none",0,10,0.0333,298942,"Baseline",5.47558838850725
"none",0,10,0.0333,307944,"Baseline",5.48847315698923
"none",0,10,0.0335,300185,"Baseline",5.47739043386153
"none",0,10,0.0335,301132,"Baseline",5.47875835077213
"none",0,10,0.0335,304910,"Baseline",5.48417309229955
"none",0,10,0.0335,311580,"Baseline",5.49357096682229
"none",0,10,0.0336,304097,"Baseline",5.48301356387376
"none",0,10,0.0337,302340,"Baseline",5.48049704518105
"none",0,10,0.0338,300915,"Baseline",5.47844528021922
"none",0,10,0.0338,320781,"Baseline",5.50620999078421
"none",0,10,0.034,292358,"Baseline",5.46591646773094
"none",0,10,0.034,292894,"Baseline",5.46671195791941
"none",0,10,0.034,293284,"Baseline",5.46728985164808
"none",0,10,0.0341,295407,"Baseline",5.47042225234631
"none",0,10,0.0342,290173,"Baseline",5.46265849644635
"none",0,10,0.0343,293462,"Baseline",5.46755335291319
"none",0,10,0.0344,291774,"Baseline",5.4650480777316
"none",0,10,0.0345,289631,"Baseline",5.46184654321456
"none",0,10,0.0346,299680,"Baseline",5.47665920922282
"none",0,10,0.0346,300479,"Baseline",5.47781557058602
"none",0,10,0.0346,315458,"Baseline",5.498942922278
"none",0,10,0.0347,269930,"Baseline",5.43125276360738
"none",0,10,0.0349,291390,"Baseline",5.46447613387632
"none",0,10,0.0354,284392,"Baseline",5.45391890254019
"none",0,15,0.0358,103414,"Baseline",5.01458353628944
"none",0,15,0.0358,104997,"Baseline",5.02118102671531
"none",0,15,0.0358,105011,"Baseline",5.02123892988902
"none",0,15,0.0359,102983,"Baseline",5.01276975624428
"none",0,15,0.0359,104055,"Baseline",5.01726712723639
"none",0,15,0.0359,104182,"Baseline",5.01779685899692
"none",0,15,0.0359,104488,"Baseline",5.01907057283222
"none",0,15,0.0359,104673,"Baseline",5.01983882056345
"none",0,15,0.036,102911,"Baseline",5.01246601839632
"none",0,15,0.036,103896,"Baseline",5.01660300759321
"none",0,15,0.036,103980,"Baseline",5.01695398978917
"none",0,15,0.036,104269,"Baseline",5.01815937354091
"none",0,15,0.036,104573,"Baseline",5.01942372028534
"none",0,15,0.0361,100487,"Baseline",5.00211420260284
"none",0,15,0.0361,100983,"Baseline",5.00425256920678
"none",0,15,0.0361,102194,"Baseline",5.00942964799508
"none",0,15,0.0361,103541,"Baseline",5.01511654948662
"none",0,15,0.0362,103104,"Baseline",5.01327972658087
"none",0,15,0.0363,98032,"Baseline",4.99137229309506
"none",0,15,0.0363,102254,"Baseline",5.00968455305414
"none",0,15,0.0363,102446,"Baseline",5.01049924528946
"none",0,15,0.0364,98507,"Baseline",4.99347150171357
"none",0,15,0.0364,99891,"Baseline",4.99953070849649
"none",0,15,0.0364,100908,"Baseline",5.00392990237197
"none",0,15,0.0364,101986,"Baseline",5.00854481697683
"none",0,15,0.0364,102709,"Baseline",5.01161272921942
"none",0,15,0.0365,102244,"Baseline",5.00964207926614
"none",0,15,0.0365,102913,"Baseline",5.01247445842784
"none",0,15,0.0366,97197,"Baseline",4.98765732873389
"none",0,15,0.0366,101630,"Baseline",5.00702619884785
"none",0,15,0.0366,102331,"Baseline",5.01001146216064
"none",0,15,0.0366,103892,"Baseline",5.016586287078
"none",0,15,0.0367,100389,"Baseline",5.00169045423215
"none",0,15,0.0367,101262,"Baseline",5.00545078957409
"none",0,15,0.0367,101441,"Baseline",5.00621780304161
"none",0,15,0.0367,102132,"Baseline",5.0091660888284
"none",0,15,0.0367,102740,"Baseline",5.01174378848943
"none",0,15,0.0367,102932,"Baseline",5.01255463054771
"none",0,15,0.0367,103672,"Baseline",5.01566566595704
"none",0,15,0.0367,105052,"Baseline",5.02140845907269
"none",0,15,0.0368,101775,"Baseline",5.00764537823246
"none",0,15,0.0368,105708,"Baseline",5.02411196444974
"none",0,15,0.0369,100228,"Baseline",5.00099339735721
"none",0,15,0.0369,100879,"Baseline",5.00380507356503
"none",0,15,0.0369,103020,"Baseline",5.01292576115681
"none",0,15,0.037,98104,"Baseline",4.99169114211056
"none",0,15,0.037,98991,"Baseline",4.99560009867593
"none",0,15,0.037,100336,"Baseline",5.0014611118111
"none",0,15,0.037,101653,"Baseline",5.00712447243543
"none",0,15,0.0371,99786,"Baseline",4.99907396617704
"none",0,15,0.0373,96961,"Baseline",4.98660156494933
"none",0,15,0.0373,98654,"Baseline",4.99411910091494
"none",0,15,0.0374,97866,"Baseline",4.99063627572649
"none",0,15,0.0374,98821,"Baseline",4.99485363907145
"none",0,15,0.0379,94447,"Baseline",4.97519276587712
"none",0,20,0.0383,31883,"Baseline",4.5035728004579
"none",0,20,0.0383,32227,"Baseline",4.50823335497201
"none",0,20,0.0385,33331,"Baseline",4.52286137315362
"none",0,20,0.0386,32545,"Baseline",4.51249762010312
"none",0,20,0.0387,33208,"Baseline",4.52125579818132
"none",0,20,0.0388,32316,"Baseline",4.50943103824372
"none",0,20,0.0388,33102,"Baseline",4.51986735402968
"none",0,20,0.0389,32994,"Baseline",4.51844813269814
"none",0,20,0.039,32744,"Baseline",4.51514499476482
"none",0,20,0.0391,32564,"Baseline",4.5127510825101
"none",0,20,0.0391,34799,"Baseline",4.54157924394658
"none",0,20,0.0392,31574,"Baseline",4.49934335922737
"none",0,20,0.0392,32571,"Baseline",4.5128444261208
"none",0,20,0.0393,31410,"Baseline",4.49708176280948
"none",0,20,0.0393,32319,"Baseline",4.50947135210255
"none",0,20,0.0394,31248,"Baseline",4.49483612403431
"none",0,20,0.0394,32183,"Baseline",4.5076400195632
"none",0,20,0.0395,31104,"Baseline",4.49283020567869
"none",0,20,0.0395,31579,"Baseline",4.49941212567228
"none",0,20,0.0395,32956,"Baseline",4.51794767199525
"none",0,20,0.0395,33003,"Baseline",4.51856657844312
"none",0,20,0.0395,33550,"Baseline",4.52570546900604
"none",0,20,0.0396,31948,"Baseline",4.50445726934016
"none",0,20,0.0396,32076,"Baseline",4.50619374413925
"none",0,20,0.0396,32211,"Baseline",4.50801769042039
"none",0,20,0.0396,32237,"Baseline",4.50836809095234
"none",0,20,0.0396,32334,"Baseline",4.50967286528314
"none",0,20,0.0396,33412,"Baseline",4.52391547069811
"none",0,20,0.0397,31446,"Baseline",4.49757922066872
"none",0,20,0.0397,31806,"Baseline",4.50252270887828
"none",0,20,0.0397,32337,"Baseline",4.5097131567014
"none",0,20,0.0397,32885,"Baseline",4.51701105245584
"none",0,20,0.0398,31762,"Baseline",4.50192151459622
"none",0,20,0.0399,31137,"Baseline",4.49329071430603
"none",0,20,0.04,31428,"Baseline",4.49733056296505
"none",0,20,0.0401,31184,"Baseline",4.49394574838715
"none",0,20,0.0401,31276,"Baseline",4.49522509010622
"none",0,20,0.0402,30951,"Baseline",4.49068871671319
"none",0,20,0.0402,30988,"Baseline",4.4912075619931
"none",0,20,0.0402,31229,"Baseline",4.4945719842302
"none",0,20,0.0403,30526,"Baseline",4.48468412668768
"none",0,20,0.0403,30711,"Baseline",4.48730809910935
"none",0,20,0.0403,31827,"Baseline",4.50280934938904
"none",0,20,0.0404,30743,"Baseline",4.48776037145629
"none",0,20,0.0405,30612,"Baseline",4.48590589149227
"none",0,20,0.0406,30588,"Baseline",4.48556527948286
"none",0,20,0.0407,31000,"Baseline",4.49137570310773
"none",0,20,0.0407,32258,"Baseline",4.50865090052308
"none",0,25,0.0392,9589,"Baseline",3.98181860717066
"none",0,25,0.0401,9331,"Baseline",3.96997473012172
"none",0,25,0.0411,9236,"Baseline",3.96553094362286
"none",0,25,0.0411,9665,"Baseline",3.98524679080286
"none",0,25,0.0411,10129,"Baseline",4.00560944536028
"none",0,25,0.0413,9378,"Baseline",3.97215653585949
"none",0,25,0.0414,9584,"Baseline",3.98159211721408
"none",0,25,0.0415,9784,"Baseline",3.99056082999402
"none",0,25,0.0415,10172,"Baseline",4.00744904449775
"none",0,25,0.0415,10182,"Baseline",4.00787574376759
"none",0,25,0.0416,9517,"Baseline",3.97854570046274
"none",0,25,0.0417,8770,"Baseline",3.94304911100841
"none",0,25,0.0417,9064,"Baseline",3.95736780843153
"none",0,25,0.0417,9891,"Baseline",3.99528410768926
"none",0,25,0.0419,9301,"Baseline",3.9685763351755
"none",0,25,0.042,7627,"Baseline",3.88241068437397
"none",0,25,0.042,8920,"Baseline",3.95041353936938
"none",0,25,0.042,9393,"Baseline",3.97285055584723
"none",0,25,0.0421,9638,"Baseline",3.98403198027118
"none",0,25,0.0421,9971,"Baseline",3.99878226983174
"none",0,25,0.0422,9114,"Baseline",3.95975667299099
"none",0,25,0.0422,9127,"Baseline",3.96037563141016
"none",0,25,0.0422,9140,"Baseline",3.96099370894234
"none",0,25,0.0423,9562,"Baseline",3.98059415577622
"none",0,25,0.0424,9590,"Baseline",3.98186389099135
"none",0,25,0.0426,9343,"Baseline",3.97053282976832
"none",0,25,0.0426,9428,"Baseline",3.97446563573724
"none",0,25,0.0427,8976,"Baseline",3.95313122518345
"none",0,25,0.0427,9255,"Baseline",3.96642334594369
"none",0,25,0.0427,9649,"Baseline",3.98452731334379
"none",0,25,0.0428,8660,"Baseline",3.93756803860038
"none",0,25,0.0428,9353,"Baseline",3.97099736557249
"none",0,25,0.0428,9493,"Baseline",3.97744922738234
"none",0,25,0.0428,9820,"Baseline",3.99215571104262
"none",0,25,0.0429,9476,"Baseline",3.97667088062481
"none",0,25,0.043,9130,"Baseline",3.96051834278071
"none",0,25,0.043,9183,"Baseline",3.9630318750539
"none",0,25,0.0431,9163,"Baseline",3.96208508051736
"none",0,25,0.0431,9294,"Baseline",3.96824939410792
"none",0,25,0.0432,9054,"Baseline",3.95688845465008
"none",0,25,0.0432,9154,"Baseline",3.96165834863772
"none",0,25,0.0433,9117,"Baseline",3.95989958786594
"none",0,25,0.0433,9188,"Baseline",3.96326825152624
"none",0,25,0.0434,9321,"Baseline",3.96950909859657
"none",0,25,0.0435,8514,"Baseline",3.93018465229862
"none",0,25,0.0435,8603,"Baseline",3.93470040171542
"none",0,25,0.0435,8636,"Baseline",3.93636291959774
"none",0,25,0.0435,9213,"Baseline",3.96444820791666
"none",0,25,0.0436,8891,"Baseline",3.94899945402695
"none",0,25,0.0437,8878,"Baseline",3.94836405598837
"none",0,25,0.0437,9283,"Baseline",3.96773513178388
"none",0,25,0.0438,8505,"Baseline",3.929725378378
"none",0,25,0.0438,8744,"Baseline",3.9417598138147
"none",0,25,0.0439,8226,"Baseline",3.91524149730619
"none",0,25,0.0439,8726,"Baseline",3.94086497596672
"none",0,25,0.044,8531,"Baseline",3.93105084677739
"none",0,25,0.044,8668,"Baseline",3.93796900295145
"none",0,25,0.044,9274,"Baseline",3.96731391828708
"none",0,25,0.0451,8515,"Baseline",3.93023565276629
"none",0,25,0.0451,9805,"Baseline",3.99149188891016
"none",0,25,0.0453,9818,"Baseline",3.99206726002767
"none",0,25,0.0454,9524,"Baseline",3.97886498434766
"none",0,25,0.0475,7548,"Baseline",3.87788942537148
"none",0,25,0.0476,7724,"Baseline",3.88789848809687
"none",0,27,0.0512,3752,"Baseline",3.57437856441308
"none",0,27,0.0521,3614,"Baseline",3.55810830163055
"none",0,27,0.0524,3471,"Baseline",3.54057971650445
"none",0,27,0.0525,3380,"Baseline",3.52904517076577
"none",0,27,0.0526,2811,"Baseline",3.44901531634779
"none",0,27,0.0526,3010,"Baseline",3.47871075551276
"none",0,27,0.0526,3459,"Baseline",3.53907609879278
"none",0,27,0.0527,3364,"Baseline",3.52698506856
"none",0,27,0.0528,3033,"Baseline",3.48201557645071
"none",0,27,0.0528,3316,"Baseline",3.52074547151948
"none",0,27,0.0529,3047,"Baseline",3.48401496266756
"none",0,27,0.0529,3328,"Baseline",3.52231379515667
"none",0,27,0.0529,3380,"Baseline",3.52904517076577
"none",0,27,0.053,2893,"Baseline",3.46149852678302
"none",0,27,0.053,3087,"Baseline",3.4896772916637
"none",0,27,0.053,3193,"Baseline",3.50433491180246
"none",0,27,0.0531,3233,"Baseline",3.50974001557038
"none",0,27,0.0532,3082,"Baseline",3.48897352472651
"none",0,27,0.0532,3147,"Baseline",3.49803472368703
"none",0,27,0.0533,3082,"Baseline",3.48897352472651
"none",0,27,0.0533,3174,"Baseline",3.50174372962799
"none",0,27,0.0534,2875,"Baseline",3.45878888171084
"none",0,27,0.0534,2994,"Baseline",3.47639682672533
"none",0,27,0.0534,3311,"Baseline",3.52009032811284
"none",0,27,0.0535,2820,"Baseline",3.45040308615537
"none",0,27,0.0535,3036,"Baseline",3.48244479191827
"none",0,27,0.0536,3088,"Baseline",3.48981790830145
"none",0,27,0.0537,2707,"Baseline",3.43264866001311
"none",0,27,0.0537,2918,"Baseline",3.46523409498801
"none",0,27,0.0537,2961,"Baseline",3.47158505418519
"none",0,27,0.0537,3074,"Baseline",3.48784512011144
"none",0,27,0.0538,2896,"Baseline",3.46194849520376
"none",0,27,0.0538,2898,"Baseline",3.462248215355
"none",0,27,0.0538,3129,"Baseline",3.49554433754645
"none",0,27,0.0539,3254,"Baseline",3.51255099290421
"none",0,27,0.0539,3482,"Baseline",3.54195347445824
"none",0,27,0.054,2872,"Baseline",3.45833562599195
"none",0,27,0.054,3273,"Baseline",3.51507867507592
"none",0,27,0.054,3339,"Baseline",3.52374646681156
"none",0,27,0.0541,2869,"Baseline",3.45788189673399
"none",0,27,0.0542,2858,"Baseline",3.45621415535799
"none",0,27,0.0543,2844,"Baseline",3.45408227073109
"none",0,27,0.0543,2965,"Baseline",3.47217114669236
"none",0,27,0.0546,3299,"Baseline",3.51851393987789
"none",0,27,0.0547,3302,"Baseline",3.51890857369141
"none",0,28,0.0492,2817,"Baseline",3.44994098877334
"none",0,28,0.0493,3202,"Baseline",3.50555693866382
"none",0,28,0.0495,3600,"Baseline",3.55642312137129
"none",0,28,0.0497,3444,"Baseline",3.53718922624364
"none",0,28,0.05,3622,"Baseline",3.55906833403454
"none",0,28,0.0501,2659,"Baseline",3.42488163663107
"none",0,28,0.0501,3051,"Baseline",3.48458452928284
"none",0,28,0.0502,3414,"Baseline",3.53339070801755
"none",0,28,0.0503,3573,"Baseline",3.55315454816963
"none",0,28,0.0505,3289,"Baseline",3.51719589794997
"none",0,28,0.0505,3290,"Baseline",3.51732788229437
"none",0,28,0.0505,3336,"Baseline",3.52335620665479
"none",0,28,0.0505,3378,"Baseline",3.5287881917749
"none",0,28,0.0505,3489,"Baseline",3.54282542695918
"none",0,28,0.0506,3425,"Baseline",3.53478735862949
"none",0,28,0.0507,3164,"Baseline",3.50037371435337
"none",0,28,0.0507,3389,"Baseline",3.53019969820308
"none",0,28,0.0508,3173,"Baseline",3.50160692241883
"none",0,28,0.0508,3251,"Baseline",3.51215053692203
"none",0,28,0.0509,2405,"Baseline",3.38129562300383
"none",0,28,0.0509,3075,"Baseline",3.48798633112939
"none",0,28,0.051,3352,"Baseline",3.52543355342882
"none",0,28,0.051,3420,"Baseline",3.53415307418506
"none",0,28,0.0511,3135,"Baseline",3.4963760540124
"none",0,28,0.0511,3136,"Baseline",3.49651451869775
"none",0,28,0.0511,3438,"Baseline",3.53643217582201
"none",0,28,0.0512,2510,"Baseline",3.39984671271292
"none",0,28,0.0512,3043,"Baseline",3.48344464809854
"none",0,28,0.0513,3235,"Baseline",3.51000851294023
"none",0,28,0.0513,3249,"Baseline",3.51188336097887
"none",0,28,0.0514,3064,"Baseline",3.48643047885443
"none",0,28,0.0514,3116,"Baseline",3.49373680227684
"none",0,28,0.0514,3168,"Baseline",3.5009222391903
"none",0,28,0.0514,3719,"Baseline",3.5705429398819
"none",0,28,0.0515,2982,"Baseline",3.47465325336206
"none",0,28,0.0515,3116,"Baseline",3.49373680227684
"none",0,28,0.0515,3144,"Baseline",3.49762064978129
"none",0,28,0.0515,3541,"Baseline",3.54924855685406
"none",0,28,0.0516,3058,"Baseline",3.48557947698468
"none",0,28,0.0516,3078,"Baseline",3.4884096889032
"none",0,28,0.0516,3306,"Baseline",3.5194341949137
"none",0,28,0.0517,3006,"Baseline",3.47813342810052
"none",0,28,0.0517,3059,"Baseline",3.48572142648158
"none",0,28,0.0517,3421,"Baseline",3.53428000520508
"none",0,28,0.0518,2866,"Baseline",3.45742769294648
"none",0,28,0.0518,2895,"Baseline",3.46179855752511
"none",0,28,0.0518,2951,"Baseline",3.470116353151
"none",0,28,0.0518,3059,"Baseline",3.48572142648158
"none",0,28,0.0519,2904,"Baseline",3.46314613672635
"none",0,28,0.0519,3025,"Baseline",3.48086892368717
"none",0,28,0.052,2866,"Baseline",3.45742769294648
"none",0,28,0.052,2963,"Baseline",3.47187819930729
"none",0,28,0.0521,2839,"Baseline",3.45331834004704
"none",0,28,0.0521,2987,"Baseline",3.47538059314336
"none",0,28,0.0521,3182,"Baseline",3.502836638621
"none",0,28,0.0522,2769,"Baseline",3.44247976906445
"none",0,28,0.0522,2854,"Baseline",3.45560611258187
"none",0,28,0.0522,2881,"Baseline",3.45969397647797
"none",0,28,0.0522,2935,"Baseline",3.46775605124403
"none",0,28,0.0523,2765,"Baseline",3.44185217577329
"none",0,28,0.0523,2817,"Baseline",3.44994098877334
"none",0,28,0.0524,2644,"Baseline",3.4224256763712
"none",0,28,0.0524,2725,"Baseline",3.43552585149865
"none",0,28,0.0524,2812,"Baseline",3.4491697321652
"none",0,28,0.0524,2814,"Baseline",3.44947839918736
"none",0,28,0.0525,2748,"Baseline",3.43917473984347
"none",0,28,0.0525,2915,"Baseline",3.46478751964594
"none",0,28,0.0525,3357,"Baseline",3.52608069180203
"none",0,28,0.0526,2764,"Baseline",3.44169513564072
"none",0,28,0.0527,2922,"Baseline",3.46582881535744
"none",0,28,0.0527,2971,"Baseline",3.47304880508854
"none",0,28,0.0528,2773,"Baseline",3.44310645673727
"none",0,28,0.0529,2574,"Baseline",3.41077723337721
"none",0,28,0.0529,2722,"Baseline",3.43504764133996
"none",0,28,0.053,2622,"Baseline",3.41879829059035
"none",0,28,0.0531,2561,"Baseline",3.40857912540867
"none",0,28,0.0531,2672,"Baseline",3.42699895875654
"none",0,28,0.0531,2849,"Baseline",3.45484486000851
"none",0,28,0.0532,2569,"Baseline",3.40993312333129
"none",0,28,0.0532,2576,"Baseline",3.4111144185509
"none",0,28,0.0532,2631,"Baseline",3.42028588494192
"none",0,28,0.0534,2598,"Baseline",3.41480627950101
"none",0,28,0.0534,2835,"Baseline",3.45270622651103
"none",0,28,0.0535,2567,"Baseline",3.40959501939682
"none",0,28,0.0537,2399,"Baseline",3.38021124171161
"none",0,28,0.0537,2476,"Baseline",3.39392600658584
"none",0,28,0.0537,2542,"Baseline",3.40534636017571
"none",0,28,0.0537,3468,"Baseline",3.54020429984206
"none",0,28,0.0538,2654,"Baseline",3.42406452541749
"none",0,28,0.0538,3381,"Baseline",3.52917360326172
"none",0,28,0.0538,3698,"Baseline",3.56808433131539
"none",0,28,0.054,2396,"Baseline",3.37966803403365
"none",0,28,0.054,2434,"Baseline",3.38649896555065
"none",0,28,0.054,2746,"Baseline",3.43885865942056
"none",0,28,0.0541,2384,"Baseline",3.37748838337613
"none",0,28,0.0542,2780,"Baseline",3.44420098886416
"none",0,28,0.0545,2298,"Baseline",3.36153897126928
"none",0,28,0.0546,2244,"Baseline",3.35121634533934
"none",0,28,0.0562,1915,"Baseline",3.28239550474253
"none",0,29,0.0603,736,"Baseline",2.86746748785905
"none",0,29,0.0604,948,"Baseline",2.97726621242729
"none",0,29,0.0606,58,"Baseline",1.77085201164214
"none",0,29,0.0608,693,"Baseline",2.84135947045485
"none",0,29,0.0614,689,"Baseline",2.83884909073726
"none",0,29,0.0615,556,"Baseline",2.74585519517373
"none",0,29,0.0615,730,"Baseline",2.86391737695786
"none",0,29,0.0616,595,"Baseline",2.77524625974024
"none",0,29,0.0616,653,"Baseline",2.81557774832427
"none",0,29,0.0616,671,"Baseline",2.82736927305383
"none",0,29,0.0617,441,"Baseline",2.64542226934909
"none",0,29,0.0617,605,"Baseline",2.78247262416629
"none",0,29,0.0618,566,"Baseline",2.75358305889291
"none",0,29,0.0619,482,"Baseline",2.68394713075151
"none",0,29,0.0619,531,"Baseline",2.72591163229505
"none",0,29,0.062,44,"Baseline",1.65321251377534
"none",0,29,0.062,394,"Baseline",2.59659709562646
"none",0,29,0.062,456,"Baseline",2.65991620006985
"none",0,29,0.0621,176,"Baseline",2.24797326636181
"none",0,29,0.0621,302,"Baseline",2.4814426285023
"none",0,29,0.0621,448,"Baseline",2.65224634100332
"none",0,29,0.0622,116,"Baseline",2.06818586174616
"none",0,29,0.0622,204,"Baseline",2.31175386105575
"none",0,29,0.0622,236,"Baseline",2.3747483460101
"none",0,29,0.0622,435,"Baseline",2.63948648926859
"none",0,29,0.0622,461,"Baseline",2.66464197555613
"none",0,29,0.0623,380,"Baseline",2.58092497567562
"none",0,29,0.0623,417,"Baseline",2.62117628177504
"none",0,29,0.0624,321,"Baseline",2.50785587169583
"none",0,29,0.0624,464,"Baseline",2.66745295288995
"none",0,29,0.0625,165,"Baseline",2.22010808804005
"none",0,29,0.0625,330,"Baseline",2.51982799377572
"none",0,29,0.0625,549,"Baseline",2.74036268949424
"none",0,29,0.0626,147,"Baseline",2.17026171539496
"none",0,29,0.0626,239,"Baseline",2.38021124171161
"none",0,29,0.0626,352,"Baseline",2.54777470538782
"none",0,29,0.0627,313,"Baseline",2.49692964807321
"none",0,29,0.0627,373,"Baseline",2.57287160220048
"none",0,29,0.0627,520,"Baseline",2.71683772329952
"none",0,29,0.0628,149,"Baseline",2.17609125905568
"none",0,29,0.0628,276,"Baseline",2.44247976906445
"none",0,29,0.0629,180,"Baseline",2.25767857486918
"none",0,29,0.063,244,"Baseline",2.38916608436453
"none",0,29,0.063,263,"Baseline",2.42160392686983
"none",0,29,0.063,913,"Baseline",2.96094619573383
"none",0,29,0.0631,277,"Baseline",2.44404479591808
"none",0,29,0.0631,283,"Baseline",2.45331834004704
"none",0,29,0.0633,93,"Baseline",1.9731278535997
"none",0,29,0.0633,110,"Baseline",2.04532297878666
"none",0,29,0.0633,221,"Baseline",2.34635297445064
"none",0,29,0.0634,210,"Baseline",2.32428245529769
"none",0,29,0.0635,312,"Baseline",2.49554433754645
"none",0,29,0.0636,0,"Baseline",0
"none",0,29,0.0636,330,"Baseline",2.51982799377572
"none",0,29,0.0637,198,"Baseline",2.29885307640971
"none",0,29,0.0638,130,"Baseline",2.11727129565576
"none",0,29,0.0641,135,"Baseline",2.13353890837022
"none",0,29,0.0642,285,"Baseline",2.45636603312904
"none",0,29,0.0645,31,"Baseline",1.50514997831991
"none",0,30,0.0656,0,"Baseline",0
"none",0,30,0.0688,0,"Baseline",0
"none",0,30,0.0692,0,"Baseline",0
"none",0,30,0.0703,0,"Baseline",0
"none",0,30,0.0707,0,"Baseline",0
"none",0,30,0.0709,0,"Baseline",0
"none",0,30,0.0709,0,"Baseline",0
"none",0,30,0.0712,0,"Baseline",0
"none",0,30,0.0715,0,"Baseline",0
"none",0,30,0.0716,0,"Baseline",0
"none",0,30,0.0717,0,"Baseline",0
"none",0,30,0.0718,0,"Baseline",0
"none",0,30,0.072,0,"Baseline",0
"none",0,30,0.0721,0,"Baseline",0
"none",0,30,0.0721,0,"Baseline",0
"none",0,30,0.0723,0,"Baseline",0
"none",0,30,0.0723,0,"Baseline",0
"none",0,30,0.0727,0,"Baseline",0
"none",0,30,0.0727,0,"Baseline",0
"none",0,30,0.0728,0,"Baseline",0
"none",0,30,0.0728,0,"Baseline",0
"none",0,30,0.073,0,"Baseline",0
"none",0,30,0.073,0,"Baseline",0
"none",0,30,0.0731,0,"Baseline",0
"none",0,30,0.0731,0,"Baseline",0
"none",0,30,0.0732,0,"Baseline",0
"none",0,30,0.0732,0,"Baseline",0
"none",0,30,0.0733,0,"Baseline",0
"none",0,30,0.0734,0,"Baseline",0
"none",0,30,0.0736,0,"Baseline",0
"none",0,30,0.0736,0,"Baseline",0
"none",0,30,0.0739,0,"Baseline",0
"none",0,30,0.0741,0,"Baseline",0
"none",0,30,0.0742,0,"Baseline",0
"none",0,30,0.0746,0,"Baseline",0
"none",0,30,0.0752,0,"Baseline",0
"none",0,30,0.0755,0,"Baseline",0
"none",0,30,0.0767,0,"Baseline",0
"none",0,30,0.078,0,"Baseline",0
"none",0,30,0.0787,0,"Baseline",0
"3",0,10,0.0324,318406,"3 dBm",5.50298260689213
"3",0,10,0.0325,296647,"3 dBm",5.47224142467114
"3",0,10,0.0325,316905,"3 dBm",5.5009304617912
"3",0,10,0.0326,289812,"3 dBm",5.46211786250726
"3",0,10,0.0326,313668,"3 dBm",5.49647159936654
"3",0,10,0.0326,314280,"3 dBm",5.49731812634186
"3",0,10,0.0326,320807,"3 dBm",5.50624518976342
"3",0,10,0.0327,299364,"3 dBm",5.47620102381132
"3",0,10,0.0327,312074,"3 dBm",5.49425897918465
"3",0,10,0.0328,284255,"3 dBm",5.45370964042887
"3",0,10,0.0328,311225,"3 dBm",5.49307587104535
"3",0,10,0.0329,302855,"3 dBm",5.4812361820643
"3",0,10,0.0329,306032,"3 dBm",5.48576825963573
"3",0,10,0.0329,307118,"3 dBm",5.48730668501978
"3",0,10,0.0329,310882,"3 dBm",5.49259697418841
"3",0,10,0.033,301852,"3 dBm",5.47979549649551
"3",0,10,0.033,309774,"3 dBm",5.49104636564994
"3",0,10,0.033,325550,"3 dBm",5.51261903371399
"3",0,10,0.0331,291500,"3 dBm",5.46464004895348
"3",0,10,0.0331,305916,"3 dBm",5.48560361167265
"3",0,10,0.0331,307568,"3 dBm",5.48794256062421
"3",0,10,0.0331,307582,"3 dBm",5.4879623284954
"3",0,10,0.0331,308953,"3 dBm",5.48989382235908
"3",0,10,0.0332,280037,"3 dBm",5.44721696730848
"3",0,10,0.0332,301446,"3 dBm",5.47921096612498
"3",0,10,0.0332,305575,"3 dBm",5.48511924166782
"3",0,10,0.0333,294378,"3 dBm",5.46890682567425
"3",0,10,0.0333,304668,"3 dBm",5.48382826710797
"3",0,10,0.0334,298744,"3 dBm",5.47530064536847
"3",0,10,0.0334,304306,"3 dBm",5.48331194258626
"3",0,10,0.0335,296884,"3 dBm",5.47258825558932
"3",0,10,0.0335,304086,"3 dBm",5.48299785405092
"3",0,10,0.0335,316437,"3 dBm",5.50028863095511
"3",0,10,0.0335,316473,"3 dBm",5.500338036248
"3",0,10,0.0336,295842,"3 dBm",5.47106129780658
"3",0,10,0.0336,297331,"3 dBm",5.47324165214321
"3",0,10,0.0337,302338,"3 dBm",5.48049417229303
"3",0,10,0.0337,302768,"3 dBm",5.48111140643521
"3",0,10,0.0337,310589,"3 dBm",5.49218746873081
"3",0,10,0.0338,292704,"3 dBm",5.46643014113507
"3",0,10,0.0338,300442,"3 dBm",5.47776208987101
"3",0,10,0.0338,307052,"3 dBm",5.4872133449264
"3",0,10,0.0339,299915,"3 dBm",5.47699963523721
"3",0,10,0.034,291306,"3 dBm",5.46435092068962
"3",0,10,0.034,292118,"3 dBm",5.46555980526797
"3",0,10,0.0341,289970,"3 dBm",5.46235456627915
"3",0,10,0.0342,286315,"3 dBm",5.45684561807941
"3",0,10,0.0343,285774,"3 dBm",5.45602423342296
"3",0,10,0.0346,289651,"3 dBm",5.46187653157827
"3",0,10,0.0347,312844,"3 dBm",5.49532921832021
"3",0,15,0.0358,102719,"3 dBm",5.01165501072478
"3",0,15,0.0359,104221,"3 dBm",5.01795940293773
"3",0,15,0.036,101951,"3 dBm",5.00839574978502
"3",0,15,0.036,102504,"3 dBm",5.01074504997176
"3",0,15,0.036,103442,"3 dBm",5.01470110723731
"3",0,15,0.036,103887,"3 dBm",5.01656538552868
"3",0,15,0.036,104005,"3 dBm",5.01705839402693
"3",0,15,0.0361,98384,"3 dBm",4.99292888995772
"3",0,15,0.0361,103315,"3 dBm",5.01416758360701
"3",0,15,0.0361,103561,"3 dBm",5.01520042898354
"3",0,15,0.0361,103904,"3 dBm",5.01663644669252
"3",0,15,0.0361,104660,"3 dBm",5.01978487995846
"3",0,15,0.0362,97731,"3 dBm",4.9900367863184
"3",0,15,0.0362,100714,"3 dBm",5.00309415706893
"3",0,15,0.0362,102190,"3 dBm",5.00941264900368
"3",0,15,0.0362,102288,"3 dBm",5.00982893286993
"3",0,15,0.0362,103214,"3 dBm",5.01374281690207
"3",0,15,0.0362,104710,"3 dBm",5.01999230716466
"3",0,15,0.0363,100263,"3 dBm",5.00114502666119
"3",0,15,0.0363,101508,"3 dBm",5.00650454941236
"3",0,15,0.0363,101936,"3 dBm",5.00833184817934
"3",0,15,0.0363,102768,"3 dBm",5.01186213061944
"3",0,15,0.0364,101335,"3 dBm",5.00576375754087
"3",0,15,0.0364,102471,"3 dBm",5.01060521264341
"3",0,15,0.0364,102566,"3 dBm",5.01100765294728
"3",0,15,0.0364,102663,"3 dBm",5.01141818125813
"3",0,15,0.0365,101472,"3 dBm",5.00635050026995
"3",0,15,0.0365,101811,"3 dBm",5.00779896883221
"3",0,15,0.0365,102087,"3 dBm",5.00897469566118
"3",0,15,0.0365,102844,"3 dBm",5.01218318251403
"3",0,15,0.0365,103374,"3 dBm",5.0144155225606
"3",0,15,0.0366,100143,"3 dBm",5.00062493420922
"3",0,15,0.0366,101453,"3 dBm",5.00626917452049
"3",0,15,0.0366,101642,"3 dBm",5.00707747479842
"3",0,15,0.0366,102246,"3 dBm",5.00965057435606
"3",0,15,0.0366,102918,"3 dBm",5.01249555778907
"3",0,15,0.0367,98794,"3 dBm",4.99473496556579
"3",0,15,0.0367,100770,"3 dBm",5.00333556829961
"3",0,15,0.0367,101318,"3 dBm",5.00569089473255
"3",0,15,0.0368,100822,"3 dBm",5.00355961577682
"3",0,15,0.0368,101987,"3 dBm",5.00854907528772
"3",0,15,0.0369,100104,"3 dBm",5.00045576996862
"3",0,15,0.0369,100336,"3 dBm",5.0014611118111
"3",0,15,0.0369,102517,"3 dBm",5.01080012504404
"3",0,15,0.0369,105154,"3 dBm",5.02182992771928
"3",0,15,0.037,101948,"3 dBm",5.00838297021605
"3",0,15,0.0371,98874,"3 dBm",4.99508649650573
"3",0,15,0.0373,96621,"3 dBm",4.98507602280041
"3",0,15,0.0375,100283,"3 dBm",5.0012316482148
"3",0,15,0.0375,101103,"3 dBm",5.00476833801991
"3",0,20,0.0388,32573,"3 dBm",4.51287109203932
"3",0,20,0.039,30171,"3 dBm",4.47960409904391
"3",0,20,0.039,30982,"3 dBm",4.49112346701797
"3",0,20,0.039,32994,"3 dBm",4.51844813269814
"3",0,20,0.0391,31155,"3 dBm",4.49354169516748
"3",0,20,0.0391,31913,"3 dBm",4.50398124070422
"3",0,20,0.0391,32618,"3 dBm",4.5134706427515
"3",0,20,0.0391,32702,"3 dBm",4.51458759436316
"3",0,20,0.0392,32488,"3 dBm",4.5117363441192
"3",0,20,0.0392,32564,"3 dBm",4.5127510825101
"3",0,20,0.0392,33018,"3 dBm",4.51876391625996
"3",0,20,0.0393,31985,"3 dBm",4.50495993290861
"3",0,20,0.0393,32321,"3 dBm",4.5094982259296
"3",0,20,0.0394,30082,"3 dBm",4.47832114370415
"3",0,20,0.0394,31738,"3 dBm",4.50159323932735
"3",0,20,0.0394,32106,"3 dBm",4.50659972804196
"3",0,20,0.0394,32245,"3 dBm",4.50847584964823
"3",0,20,0.0395,31733,"3 dBm",4.50152481740263
"3",0,20,0.0395,32144,"3 dBm",4.50711343009751
"3",0,20,0.0395,32553,"3 dBm",4.51260435914683
"3",0,20,0.0396,31937,"3 dBm",4.5043077165564
"3",0,20,0.0397,30949,"3 dBm",4.49066065335614
"3",0,20,0.0397,31305,"3 dBm",4.49562758090649
"3",0,20,0.0397,31810,"3 dBm",4.50257732165863
"3",0,20,0.0397,32422,"3 dBm",4.51085319629806
"3",0,20,0.0398,30336,"3 dBm",4.48197263156396
"3",0,20,0.0398,31702,"3 dBm",4.50110036069721
"3",0,20,0.0398,31744,"3 dBm",4.50167533141037
"3",0,20,0.0398,31750,"3 dBm",4.50175740797895
"3",0,20,0.0398,32003,"3 dBm",4.5052042617375
"3",0,20,0.0399,30812,"3 dBm",4.48873398393909
"3",0,20,0.0399,31542,"3 dBm",4.49890299595187
"3",0,20,0.0399,31599,"3 dBm",4.4996870826184
"3",0,20,0.0399,32767,"3 dBm",4.51544993495972
"3",0,20,0.04,31386,"3 dBm",4.49674980739456
"3",0,20,0.04,31701,"3 dBm",4.5010866616362
"3",0,20,0.04,31713,"3 dBm",4.50125102185586
"3",0,20,0.0401,31012,"3 dBm",4.49154377915017
"3",0,20,0.0401,31274,"3 dBm",4.49519731836546
"3",0,20,0.0402,30526,"3 dBm",4.48468412668768
"3",0,20,0.0402,31044,"3 dBm",4.491991664182
"3",0,20,0.0403,30711,"3 dBm",4.48730809910935
"3",0,20,0.0403,30738,"3 dBm",4.48768973494167
"3",0,20,0.0404,30621,"3 dBm",4.48603355215579
"3",0,20,0.0404,30874,"3 dBm",4.48960696626772
"3",0,20,0.0404,31828,"3 dBm",4.50282299421936
"3",0,20,0.0404,32057,"3 dBm",4.50593642456655
"3",0,20,0.0405,30588,"3 dBm",4.48556527948286
"3",0,20,0.0405,32600,"3 dBm",4.51323092178024
"3",0,20,0.0406,30590,"3 dBm",4.48559367402238
"3",0,25,0.0402,9130,"3 dBm",3.96051834278071
"3",0,25,0.0405,9246,"3 dBm",3.96600085762878
"3",0,25,0.0409,8878,"3 dBm",3.94836405598837
"3",0,25,0.0409,10329,"3 dBm",4.01410032151962
"3",0,25,0.0412,9041,"3 dBm",3.95626450269828
"3",0,25,0.0412,9638,"3 dBm",3.98403198027118
"3",0,25,0.0412,10042,"3 dBm",4.00186346269252
"3",0,25,0.0412,10096,"3 dBm",4.00419235625971
"3",0,25,0.0415,9553,"3 dBm",3.98018523694734
"3",0,25,0.0415,10182,"3 dBm",4.00787574376759
"3",0,25,0.0416,9504,"3 dBm",3.97795212120146
"3",0,25,0.0416,10578,"3 dBm",4.02444461713135
"3",0,25,0.0417,10788,"3 dBm",4.03298119309737
"3",0,25,0.0419,9386,"3 dBm",3.97252681786586
"3",0,25,0.0419,9529,"3 dBm",3.97909290063833
"3",0,25,0.0419,9708,"3 dBm",3.98717450108754
"3",0,25,0.042,9624,"3 dBm",3.98340073818054
"3",0,25,0.0421,10298,"3 dBm",4.01279505814541
"3",0,25,0.0421,10656,"3 dBm",4.02763496577754
"3",0,25,0.0422,9043,"3 dBm",3.95636055367332
"3",0,25,0.0422,10622,"3 dBm",4.02624718147777
"3",0,25,0.0423,9582,"3 dBm",3.98150148814825
"3",0,25,0.0424,9329,"3 dBm",3.9698816437465
"3",0,25,0.0425,9324,"3 dBm",3.96964884048073
"3",0,25,0.0425,10353,"3 dBm",4.01510816064584
"3",0,25,0.0426,9288,"3 dBm",3.96796896287869
"3",0,25,0.0426,9607,"3 dBm",3.98263299439485
"3",0,25,0.0427,9466,"3 dBm",3.97621237711738
"3",0,25,0.0427,9916,"3 dBm",3.99638031323341
"3",0,25,0.0428,9433,"3 dBm",3.97469587190968
"3",0,25,0.0429,9092,"3 dBm",3.95870719108728
"3",0,25,0.0429,9174,"3 dBm",3.96260607292413
"3",0,25,0.0429,9198,"3 dBm",3.96374061885788
"3",0,25,0.043,9176,"3 dBm",3.96270073170434
"3",0,25,0.043,9302,"3 dBm",3.96862302095699
"3",0,25,0.0431,9124,"3 dBm",3.96023287312851
"3",0,25,0.0431,9926,"3 dBm",3.99681802187952
"3",0,25,0.0433,8536,"3 dBm",3.93130528142167
"3",0,25,0.0434,9210,"3 dBm",3.96430678230394
"3",0,25,0.0434,9599,"3 dBm",3.98227123303957
"3",0,25,0.0435,8890,"3 dBm",3.94895061024555
"3",0,25,0.0437,8254,"3 dBm",3.91671707759881
"3",0,25,0.0437,9948,"3 dBm",3.9977794308656
"3",0,25,0.0438,8744,"3 dBm",3.9417598138147
"3",0,25,0.0445,9391,"3 dBm",3.97275808390354
"3",0,25,0.0446,8971,"3 dBm",3.95288926491093
"3",0,25,0.0448,8588,"3 dBm",3.93394260274126
"3",0,25,0.0449,8850,"3 dBm",3.94699234074837
"3",0,25,0.0467,7742,"3 dBm",3.88890925926353
"3",0,25,0.0469,7810,"3 dBm",3.89270663780567
"3",0,27,0.0519,3604,"3 dBm",3.55690526905545
"3",0,27,0.052,3112,"3 dBm",3.49317912068252
"3",0,27,0.0523,2717,"3 dBm",3.43424945239648
"3",0,27,0.0524,3080,"3 dBm",3.48869169831694
"3",0,27,0.0524,3470,"3 dBm",3.54045461367141
"3",0,27,0.0524,3568,"3 dBm",3.55254654795566
"3",0,27,0.0525,3254,"3 dBm",3.51255099290421
"3",0,27,0.0526,3469,"3 dBm",3.54032947479087
"3",0,27,0.0527,3296,"3 dBm",3.51811894714315
"3",0,27,0.0527,3362,"3 dBm",3.52672686731464
"3",0,27,0.0528,2927,"3 dBm",3.46657107238635
"3",0,27,0.0528,3108,"3 dBm",3.49262072204319
"3",0,27,0.0528,3173,"3 dBm",3.50160692241883
"3",0,27,0.0528,3430,"3 dBm",3.53542071805617
"3",0,27,0.0529,3331,"3 dBm",3.52270499273475
"3",0,27,0.053,2878,"3 dBm",3.45924166487808
"3",0,27,0.053,3184,"3 dBm",3.50310943667137
"3",0,27,0.053,3276,"3 dBm",3.51547644138238
"3",0,27,0.053,3344,"3 dBm",3.52439612210384
"3",0,27,0.0531,2935,"3 dBm",3.46775605124403
"3",0,27,0.0531,3008,"3 dBm",3.47842218774008
"3",0,27,0.0531,3201,"3 dBm",3.50542132758328
"3",0,27,0.0531,3228,"3 dBm",3.50906804501716
"3",0,27,0.0532,3342,"3 dBm",3.52413637659257
"3",0,27,0.0533,3082,"3 dBm",3.48897352472651
"3",0,27,0.0533,3168,"3 dBm",3.5009222391903
"3",0,27,0.0534,3058,"3 dBm",3.48557947698468
"3",0,27,0.0534,3550,"3 dBm",3.55035067230162
"3",0,27,0.0535,2911,"3 dBm",3.464191370641
"3",0,27,0.0535,3038,"3 dBm",3.48273070007994
"3",0,27,0.0536,3530,"3 dBm",3.5478977175631
"3",0,27,0.0537,2921,"3 dBm",3.46568021159828
"3",0,27,0.0537,3029,"3 dBm",3.4814426285023
"3",0,27,0.0537,3097,"3 dBm",3.49108141342319
"3",0,27,0.0537,3224,"3 dBm",3.50852971897129
"3",0,27,0.0538,2908,"3 dBm",3.46374372124706
"3",0,27,0.0538,2970,"3 dBm",3.47290265180366
"3",0,27,0.0538,3124,"3 dBm",3.49485002168009
"3",0,27,0.0538,3250,"3 dBm",3.51201696949613
"3",0,27,0.054,2882,"3 dBm",3.45984464238821
"3",0,27,0.054,2928,"3 dBm",3.4667193716816
"3",0,27,0.054,2976,"3 dBm",3.47377883464672
"3",0,27,0.0541,2876,"3 dBm",3.45893986189033
"3",0,27,0.0541,2894,"3 dBm",3.46164856806346
"3",0,27,0.0541,3245,"3 dBm",3.51134851549021
"3",0,27,0.0542,2859,"3 dBm",3.45636603312904
"3",0,27,0.0543,2844,"3 dBm",3.45408227073109
"3",0,27,0.0543,3381,"3 dBm",3.52917360326172
"3",0,27,0.0544,3594,"3 dBm",3.5556988947189
"3",0,27,0.0549,3248,"3 dBm",3.51174971134498
"3",0,28,0.0498,2519,"3 dBm",3.40140054078154
"3",0,28,0.0505,3536,"3 dBm",3.54863505981475
"3",0,28,0.0506,1939,"3 dBm",3.28780172993023
"3",0,28,0.0507,3324,"3 dBm",3.52179164963912
"3",0,28,0.0508,2729,"3 dBm",3.43616264704076
"3",0,28,0.0508,3282,"3 dBm",3.51627088272934
"3",0,28,0.0508,3450,"3 dBm",3.53794495929149
"3",0,28,0.0514,2840,"3 dBm",3.45347123372294
"3",0,28,0.0517,2581,"3 dBm",3.4119562379304
"3",0,28,0.0517,3044,"3 dBm",3.48358729696889
"3",0,28,0.0518,2998,"3 dBm",3.47697646575953
"3",0,28,0.0519,2858,"3 dBm",3.45621415535799
"3",0,28,0.052,2634,"3 dBm",3.42078061954857
"3",0,28,0.052,3016,"3 dBm",3.47957531017499
"3",0,28,0.0522,2172,"3 dBm",3.33705972632052
"3",0,28,0.0522,2920,"3 dBm",3.46553155697355
"3",0,28,0.0523,2376,"3 dBm",3.37602918172818
"3",0,28,0.0524,1517,"3 dBm",3.18127177155946
"3",0,28,0.0524,2765,"3 dBm",3.44185217577329
"3",0,28,0.0525,2103,"3 dBm",3.3230457354817
"3",0,28,0.0525,2163,"3 dBm",3.33525725643453
"3",0,28,0.0525,2440,"3 dBm",3.38756777941719
"3",0,28,0.0525,2810,"3 dBm",3.44886084560744
"3",0,28,0.0526,1953,"3 dBm",3.29092455938275
"3",0,28,0.0526,2354,"3 dBm",3.37199091146491
"3",0,28,0.0526,2907,"3 dBm",3.463594402187
"3",0,28,0.0527,2291,"3 dBm",3.36021461329535
"3",0,28,0.0527,2748,"3 dBm",3.43917473984347
"3",0,28,0.0528,2955,"3 dBm",3.47070442972279
"3",0,28,0.0532,2629,"3 dBm",3.41995574848976
"3",0,28,0.0532,2672,"3 dBm",3.42699895875654
"3",0,28,0.0532,3206,"3 dBm",3.50609895992844
"3",0,28,0.0533,2561,"3 dBm",3.40857912540867
"3",0,28,0.0537,2474,"3 dBm",3.39357520326959
"3",0,28,0.0539,2798,"3 dBm",3.44700289846616
"3",0,28,0.054,2376,"3 dBm",3.37602918172818
"3",0,28,0.054,2434,"3 dBm",3.38649896555065
"3",0,28,0.0541,2396,"3 dBm",3.37966803403365
"3",0,28,0.0542,1791,"3 dBm",3.25333800532611
"3",0,28,0.0544,2298,"3 dBm",3.36153897126928
"3",0,28,0.0544,2574,"3 dBm",3.41077723337721
"3",0,28,0.0545,2244,"3 dBm",3.35121634533934
"3",0,28,0.0545,2291,"3 dBm",3.36021461329535
"3",0,28,0.0546,1890,"3 dBm",3.27669152884504
"3",0,28,0.0546,2370,"3 dBm",3.37493155397819
"3",0,28,0.0546,3294,"3 dBm",3.51785541893003
"3",0,28,0.055,2420,"3 dBm",3.38399478944173
"3",0,28,0.0554,2308,"3 dBm",3.36342393291718
"3",0,28,0.0559,1952,"3 dBm",3.29070224328785
"3",0,28,0.0566,2225,"3 dBm",3.34752515999869
"3",0,29,0.0604,736,"3 dBm",2.86746748785905
"3",0,29,0.0605,948,"3 dBm",2.97726621242729
"3",0,29,0.0609,702,"3 dBm",2.84695532501982
"3",0,29,0.0616,564,"3 dBm",2.75204844781944
"3",0,29,0.0617,466,"3 dBm",2.66931688056611
"3",0,29,0.0617,603,"3 dBm",2.78103693862113
"3",0,29,0.0617,653,"3 dBm",2.81557774832427
"3",0,29,0.0617,671,"3 dBm",2.82736927305383
"3",0,29,0.0618,450,"3 dBm",2.65417654187796
"3",0,29,0.0618,613,"3 dBm",2.78816837114117
"3",0,29,0.062,539,"3 dBm",2.73239375982297
"3",0,29,0.0621,237,"3 dBm",2.37657695705651
"3",0,29,0.0621,464,"3 dBm",2.66745295288995
"3",0,29,0.0622,233,"3 dBm",2.36921585741014
"3",0,29,0.0622,443,"3 dBm",2.64738297011462
"3",0,29,0.0622,469,"3 dBm",2.67209785793572
"3",0,29,0.0623,322,"3 dBm",2.5092025223311
"3",0,29,0.0625,329,"3 dBm",2.51851393987789
"3",0,29,0.0626,48,"3 dBm",1.69019608002851
"3",0,29,0.0626,239,"3 dBm",2.38021124171161
"3",0,29,0.0626,257,"3 dBm",2.41161970596323
"3",0,29,0.0626,519,"3 dBm",2.7160033436348
"3",0,29,0.0626,617,"3 dBm",2.79098847508882
"3",0,29,0.0627,321,"3 dBm",2.50785587169583
"3",0,29,0.0627,381,"3 dBm",2.58206336291171
"3",0,29,0.0627,528,"3 dBm",2.72345567203519
"3",0,29,0.0628,284,"3 dBm",2.45484486000851
"3",0,29,0.063,417,"3 dBm",2.62117628177504
"3",0,29,0.063,649,"3 dBm",2.81291335664286
"3",0,29,0.0631,291,"3 dBm",2.46538285144842
"3",0,29,0.0632,308,"3 dBm",2.48995847942483
"3",0,29,0.0633,0,"3 dBm",0
"3",0,29,0.0634,218,"3 dBm",2.34044411484012
"3",0,29,0.0634,244,"3 dBm",2.38916608436453
"3",0,29,0.0635,338,"3 dBm",2.53019969820308
"3",0,29,0.0636,82,"3 dBm",1.91907809237607
"3",0,29,0.0637,122,"3 dBm",2.0899051114394
"3",0,29,0.0637,170,"3 dBm",2.23299611039215
"3",0,29,0.0637,229,"3 dBm",2.36172783601759
"3",0,29,0.0637,289,"3 dBm",2.46239799789896
"3",0,29,0.0638,130,"3 dBm",2.11727129565576
"3",0,29,0.0641,89,"3 dBm",1.95424250943932
"3",0,29,0.0641,135,"3 dBm",2.13353890837022
"3",0,29,0.0641,175,"3 dBm",2.24551266781415
"3",0,29,0.0643,273,"3 dBm",2.43775056282039
"3",0,29,0.0645,716,"3 dBm",2.8555191556678
"3",0,29,0.0647,0,"3 dBm",0
"3",0,29,0.0647,138,"3 dBm",2.14301480025409
"3",0,29,0.0648,483,"3 dBm",2.68484536164441
"3",0,29,0.0651,352,"3 dBm",2.54777470538782
"3",0,30,0.0679,0,"3 dBm",0
"3",0,30,0.0709,0,"3 dBm",0
"3",0,30,0.0711,0,"3 dBm",0
"3",0,30,0.0712,0,"3 dBm",0
"3",0,30,0.0713,0,"3 dBm",0
"3",0,30,0.0714,0,"3 dBm",0
"3",0,30,0.0716,0,"3 dBm",0
"3",0,30,0.0716,0,"3 dBm",0
"3",0,30,0.0717,0,"3 dBm",0
"3",0,30,0.072,0,"3 dBm",0
"3",0,30,0.0722,0,"3 dBm",0
"3",0,30,0.0724,0,"3 dBm",0
"3",0,30,0.0725,0,"3 dBm",0
"3",0,30,0.0726,0,"3 dBm",0
"3",0,30,0.0727,0,"3 dBm",0
"3",0,30,0.0728,0,"3 dBm",0
"3",0,30,0.0728,0,"3 dBm",0
"3",0,30,0.073,0,"3 dBm",0
"3",0,30,0.073,0,"3 dBm",0
"3",0,30,0.0731,0,"3 dBm",0
"3",0,30,0.0733,0,"3 dBm",0
"3",0,30,0.0733,0,"3 dBm",0
"3",0,30,0.0734,0,"3 dBm",0
"3",0,30,0.0734,0,"3 dBm",0
"3",0,30,0.0735,0,"3 dBm",0
"3",0,30,0.0737,0,"3 dBm",0
"3",0,30,0.0737,0,"3 dBm",0
"3",0,30,0.0737,0,"3 dBm",0
"3",0,30,0.0738,0,"3 dBm",0
"3",0,30,0.074,0,"3 dBm",0
"3",0,30,0.074,0,"3 dBm",0
"3",0,30,0.074,0,"3 dBm",0
"3",0,30,0.0741,0,"3 dBm",0
"3",0,30,0.0741,0,"3 dBm",0
"3",0,30,0.0742,0,"3 dBm",0
"3",0,30,0.0742,0,"3 dBm",0
"3",0,30,0.0743,0,"3 dBm",0
"3",0,30,0.0744,0,"3 dBm",0
"3",0,30,0.0747,0,"3 dBm",0
"3",0,30,0.0747,0,"3 dBm",0
"3",0,30,0.0748,0,"3 dBm",0
"3",0,30,0.0749,0,"3 dBm",0
"3",0,30,0.0752,0,"3 dBm",0
"3",0,30,0.0755,0,"3 dBm",0
"3",0,30,0.0755,0,"3 dBm",0
"3",0,30,0.0756,0,"3 dBm",0
"3",0,30,0.0758,0,"3 dBm",0
"3",0,30,0.0758,0,"3 dBm",0
"3",0,30,0.0769,0,"3 dBm",0
"3",0,30,0.0772,0,"3 dBm",0
"7",0,10,0.0292,333317,"7 dBm",5.52285876727467
"7",0,10,0.0299,314587,"7 dBm",5.49774215238397
"7",0,10,0.0302,329186,"7 dBm",5.51744267605498
"7",0,10,0.0305,312425,"7 dBm",5.49474716856849
"7",0,10,0.0308,322832,"7 dBm",5.50897792191553
"7",0,10,0.031,305404,"7 dBm",5.48487614291894
"7",0,10,0.031,308896,"7 dBm",5.4898136904647
"7",0,10,0.031,321707,"7 dBm",5.5074618607548
"7",0,10,0.0311,324018,"7 dBm",5.51057047734618
"7",0,10,0.0312,323441,"7 dBm",5.50979641378901
"7",0,10,0.0312,327634,"7 dBm",5.51539028959309
"7",0,10,0.0313,314018,"7 dBm",5.49695592624365
"7",0,10,0.0313,320915,"7 dBm",5.50639137037841
"7",0,10,0.0313,322194,"7 dBm",5.50811879651381
"7",0,10,0.0314,316686,"7 dBm",5.50063023595119
"7",0,10,0.0314,318308,"7 dBm",5.50284891821597
"7",0,10,0.0314,318793,"7 dBm",5.50351013897435
"7",0,10,0.0314,321284,"7 dBm",5.50689044989233
"7",0,10,0.0315,318936,"7 dBm",5.50370490483002
"7",0,10,0.0315,319287,"7 dBm",5.50418259648584
"7",0,10,0.0316,306230,"7 dBm",5.48604915255256
"7",0,10,0.0316,306367,"7 dBm",5.48624340146584
"7",0,10,0.0316,317803,"7 dBm",5.50215935909853
"7",0,10,0.0317,315904,"7 dBm",5.49955649977417
"7",0,10,0.0317,316228,"7 dBm",5.50000169469949
"7",0,10,0.0318,314662,"7 dBm",5.49784567891407
"7",0,10,0.0319,314906,"7 dBm",5.49818231458251
"7",0,10,0.032,311973,"7 dBm",5.49411840130357
"7",0,10,0.0321,309842,"7 dBm",5.49114168897783
"7",0,10,0.0321,312507,"7 dBm",5.49486113947652
"7",0,10,0.0321,318076,"7 dBm",5.50253226661061
"7",0,10,0.0322,311746,"7 dBm",5.49380228287323
"7",0,10,0.0322,320699,"7 dBm",5.50609895992844
"7",0,10,0.0323,310472,"7 dBm",5.492023838133
"7",0,10,0.0323,311209,"7 dBm",5.49305354357165
"7",0,10,0.0323,317501,"7 dBm",5.50174646533265
"7",0,10,0.0323,327087,"7 dBm",5.51466461129288
"7",0,10,0.0324,309118,"7 dBm",5.49012569979497
"7",0,10,0.0324,310558,"7 dBm",5.49214411961828
"7",0,10,0.0324,321161,"7 dBm",5.50672415377163
"7",0,10,0.0325,308641,"7 dBm",5.48945502453695
"7",0,10,0.0325,315679,"7 dBm",5.49924706790812
"7",0,10,0.0325,326665,"7 dBm",5.51410393465666
"7",0,10,0.0326,307224,"7 dBm",5.48745655289686
"7",0,10,0.0326,307512,"7 dBm",5.48786348014046
"7",0,10,0.0327,304337,"7 dBm",5.48335618226275
"7",0,10,0.0327,305481,"7 dBm",5.48498562527913
"7",0,10,0.0327,314971,"7 dBm",5.49827194811982
"7",0,10,0.0328,302783,"7 dBm",5.48113292203245
"7",0,10,0.0328,303116,"7 dBm",5.48161029400258
"7",0,10,0.033,300956,"7 dBm",5.478504449093
"7",0,10,0.033,301992,"7 dBm",5.4799968764121
"7",0,10,0.0331,298774,"7 dBm",5.47534425507014
"7",0,10,0.0332,297861,"7 dBm",5.47401510125811
"7",0,10,0.0333,290820,"7 dBm",5.46362576344845
"7",0,10,0.0333,296104,"7 dBm",5.47144574090526
"7",0,10,0.0334,296538,"7 dBm",5.47208181868159
"7",0,10,0.0336,307821,"7 dBm",5.48829965557722
"7",0,10,0.0338,309726,"7 dBm",5.49097906599579
"7",0,10,0.0339,317597,"7 dBm",5.50187775889455
"7",0,10,0.0343,297383,"7 dBm",5.47331759868951
"7",0,10,0.0353,309604,"7 dBm",5.49080796575399
"7",0,10,0.0374,267428,"7 dBm",5.42720850037202
"7",0,15,0.033,108163,"7 dBm",5.03408273948704
"7",0,15,0.033,112085,"7 dBm",5.04955137082471
"7",0,15,0.0332,107490,"7 dBm",5.03137210319149
"7",0,15,0.0336,101421,"7 dBm",5.00613217040432
"7",0,15,0.0337,109004,"7 dBm",5.03744641924894
"7",0,15,0.0338,110387,"7 dBm",5.04292186490551
"7",0,15,0.034,111859,"7 dBm",5.04867481499223
"7",0,15,0.0341,108554,"7 dBm",5.03564983168173
"7",0,15,0.0342,109154,"7 dBm",5.03804363397713
"7",0,15,0.0342,110854,"7 dBm",5.04475528629523
"7",0,15,0.0344,108293,"7 dBm",5.03460439532268
"7",0,15,0.0345,98191,"7 dBm",4.99207610593986
"7",0,15,0.0346,96587,"7 dBm",4.98492317343923
"7",0,15,0.0346,99633,"7 dBm",4.9984075662616
"7",0,15,0.0348,108519,"7 dBm",5.03550978508956
"7",0,15,0.0349,104593,"7 dBm",5.01950677208738
"7",0,15,0.0349,105854,"7 dBm",5.02471137648982
"7",0,15,0.0351,106394,"7 dBm",5.02692121890421
"7",0,15,0.0352,96132,"7 dBm",4.98287249544966
"7",0,15,0.0357,101887,"7 dBm",5.00812303738554
"7",0,15,0.0357,105819,"7 dBm",5.02456775719604
"7",0,15,0.0358,101962,"7 dBm",5.00844260498749
"7",0,15,0.0362,101212,"7 dBm",5.00523629773766
"7",0,15,0.0363,100438,"7 dBm",5.00190238009979
"7",0,15,0.0363,101063,"7 dBm",5.00459648313187
"7",0,15,0.0364,95181,"7 dBm",4.97855482611769
"7",0,15,0.0364,100163,"7 dBm",5.00071165954887
"7",0,15,0.0364,102185,"7 dBm",5.00939139932872
"7",0,15,0.0365,99827,"7 dBm",4.99925237034515
"7",0,15,0.0365,100290,"7 dBm",5.00126196167734
"7",0,15,0.0366,99244,"7 dBm",4.99670863606882
"7",0,15,0.0366,99491,"7 dBm",4.99778816119261
"7",0,15,0.0367,98754,"7 dBm",4.99455909333584
"7",0,15,0.0367,100143,"7 dBm",5.00062493420922
"7",0,15,0.0369,98306,"7 dBm",4.99258444309293
"7",0,15,0.0369,99104,"7 dBm",4.996095565864
"7",0,15,0.037,97609,"7 dBm",4.98949431277271
"7",0,15,0.0371,94463,"7 dBm",4.97526633147091
"7",0,15,0.0372,96285,"7 dBm",4.98356314522681
"7",0,15,0.0372,96854,"7 dBm",4.98612204546152
"7",0,15,0.0372,99662,"7 dBm",4.9985339559219
"7",0,15,0.0374,95618,"7 dBm",4.9805441974569
"7",0,15,0.0375,95104,"7 dBm",4.97820334990616
"7",0,15,0.0376,94881,"7 dBm",4.97718383052914
"7",0,15,0.0378,94293,"7 dBm",4.9744840591234
"7",0,15,0.0379,102820,"7 dBm",5.01208182334321
"7",0,15,0.038,100141,"7 dBm",5.00061626072267
"7",0,15,0.0383,102577,"7 dBm",5.01105422721724
"7",0,15,0.0383,106451,"7 dBm",5.0271538252934
"7",0,15,0.0383,106568,"7 dBm",5.0276308905545
"7",0,15,0.0384,88437,"7 dBm",4.94663891257261
"7",0,15,0.0389,95486,"7 dBm",4.97994424893903
"7",0,15,0.0396,104370,"7 dBm",5.01857984455187
"7",0,20,0.0355,36563,"7 dBm",4.5630537002703
"7",0,20,0.0382,32035,"7 dBm",4.50563828499102
"7",0,20,0.0383,32388,"7 dBm",4.51039753951415
"7",0,20,0.0384,29899,"7 dBm",4.47567118832443
"7",0,20,0.0384,31827,"7 dBm",4.50280934938904
"7",0,20,0.0386,31482,"7 dBm",4.49807610937217
"7",0,20,0.0387,29851,"7 dBm",4.47497343294836
"7",0,20,0.0387,31156,"7 dBm",4.49355563429678
"7",0,20,0.0388,30973,"7 dBm",4.49099729401525
"7",0,20,0.0389,30744,"7 dBm",4.48777449738067
"7",0,20,0.039,30481,"7 dBm",4.48404345874591
"7",0,20,0.0391,27466,"7 dBm",4.43881122750957
"7",0,20,0.0391,29841,"7 dBm",4.47482792603444
"7",0,20,0.0391,30194,"7 dBm",4.47993503394434
"7",0,20,0.0392,30507,"7 dBm",4.48441373771668
"7",0,20,0.0393,29612,"7 dBm",4.47148240662766
"7",0,20,0.0395,29241,"7 dBm",4.46600707277487
"7",0,20,0.0396,28985,"7 dBm",4.46218828787016
"7",0,20,0.0398,27536,"7 dBm",4.4399166245769
"7",0,20,0.0398,27694,"7 dBm",4.4424013694827
"7",0,20,0.0398,28674,"7 dBm",4.45750342657331
"7",0,20,0.0398,28758,"7 dBm",4.45877378080568
"7",0,20,0.04,30938,"7 dBm",4.49050627246935
"7",0,20,0.04,32032,"7 dBm",4.50559761373201
"7",0,20,0.0401,27936,"7 dBm",4.44617976779828
"7",0,20,0.0401,28786,"7 dBm",4.45919640779811
"7",0,20,0.0402,27495,"7 dBm",4.43926951912917
"7",0,20,0.0402,30437,"7 dBm",4.48341611270105
"7",0,20,0.0405,24275,"7 dBm",4.38517712881843
"7",0,20,0.0405,26883,"7 dBm",4.42949388672874
"7",0,20,0.0405,28150,"7 dBm",4.44949382678126
"7",0,20,0.0405,28396,"7 dBm",4.45327246144616
"7",0,20,0.0405,30051,"7 dBm",4.47787338016772
"7",0,20,0.0407,28726,"7 dBm",4.45829027439173
"7",0,20,0.0409,29930,"7 dBm",4.47612122693798
"7",0,20,0.041,30750,"7 dBm",4.48785924327958
"7",0,20,0.0411,27183,"7 dBm",4.43431336152497
"7",0,20,0.0414,27495,"7 dBm",4.43926951912917
"7",0,20,0.0414,33813,"7 dBm",4.52909654832195
"7",0,20,0.0416,27523,"7 dBm",4.43971154917435
"7",0,20,0.0416,32099,"7 dBm",4.50650503240487
"7",0,20,0.0422,26521,"7 dBm",4.42360627072117
"7",0,25,0.043,9086,"7 dBm",3.95842052805252
"7",0,25,0.0435,8514,"7 dBm",3.93018465229862
"7",0,25,0.0438,8233,"7 dBm",3.91561086266147
"7",0,25,0.0438,8446,"7 dBm",3.92670249418265
"7",0,25,0.0438,8484,"7 dBm",3.92865184665369
"7",0,25,0.0438,9055,"7 dBm",3.9569364138442
"7",0,25,0.0439,8771,"7 dBm",3.94309862300549
"7",0,25,0.044,8429,"7 dBm",3.92582757462474
"7",0,25,0.0441,8009,"7 dBm",3.90363251608424
"7",0,25,0.0442,8860,"7 dBm",3.94748273655692
"7",0,25,0.0444,8633,"7 dBm",3.93621204432025
"7",0,25,0.0445,8564,"7 dBm",3.93272736730153
"7",0,25,0.0446,7702,"7 dBm",3.8866598978612
"7",0,25,0.0446,8163,"7 dBm",3.91190299604403
"7",0,25,0.0446,8594,"7 dBm",3.93424588102307
"7",0,25,0.0447,8019,"7 dBm",3.90417436828416
"7",0,25,0.0447,8589,"7 dBm",3.93399316383124
"7",0,25,0.0449,7780,"7 dBm",3.89103541531531
"7",0,25,0.0449,8285,"7 dBm",3.91834492896227
"7",0,25,0.0449,8296,"7 dBm",3.91892109009134
"7",0,25,0.0449,8534,"7 dBm",3.93120352545075
"7",0,25,0.045,7825,"7 dBm",3.89353984356466
"7",0,25,0.045,8071,"7 dBm",3.90698115322885
"7",0,25,0.045,8280,"7 dBm",3.91808278464219
"7",0,25,0.0451,7720,"7 dBm",3.88767355245445
"7",0,25,0.0452,8107,"7 dBm",3.90891374002097
"7",0,25,0.0452,8146,"7 dBm",3.91099771631064
"7",0,25,0.0454,7498,"7 dBm",3.87500335360004
"7",0,25,0.0454,8252,"7 dBm",3.91661184510935
"7",0,25,0.0454,8420,"7 dBm",3.9253636673541
"7",0,25,0.0455,7706,"7 dBm",3.88688535898601
"7",0,25,0.0455,8172,"7 dBm",3.9123814989188
"7",0,25,0.0456,8234,"7 dBm",3.91566360350577
"7",0,25,0.0457,8010,"7 dBm",3.9036867317365
"7",0,25,0.0457,8276,"7 dBm",3.91787295519885
"7",0,25,0.0457,8303,"7 dBm",3.91928734050438
"7",0,25,0.0457,8379,"7 dBm",3.92324401863028
"7",0,25,0.0457,9040,"7 dBm",3.95621646924339
"7",0,25,0.0458,8228,"7 dBm",3.91534706232419
"7",0,25,0.0458,8563,"7 dBm",3.9326766586224
"7",0,25,0.0459,7584,"7 dBm",3.87995558512275
"7",0,25,0.0459,8045,"7 dBm",3.90558002823524
"7",0,25,0.046,8318,"7 dBm",3.92007112429752
"7",0,25,0.046,8506,"7 dBm",3.9297764328049
"7",0,25,0.046,9024,"7 dBm",3.9554472105777
"7",0,25,0.0461,8020,"7 dBm",3.90422851634008
"7",0,25,0.0465,8040,"7 dBm",3.90531006211609
"7",0,25,0.0467,7870,"7 dBm",3.89602991239623
"7",0,25,0.0468,7550,"7 dBm",3.87800447026803
"7",0,25,0.0469,7202,"7 dBm",3.85751341477669
"7",0,25,0.0469,7433,"7 dBm",3.87122255675971
"7",0,25,0.047,7777,"7 dBm",3.89086793881144
"7",0,25,0.0476,7212,"7 dBm",3.85811593219007
"7",0,25,0.0481,8155,"7 dBm",3.9114772171061
"7",0,25,0.0482,8554,"7 dBm",3.93222001387712
"7",0,27,0.0474,5298,"7 dBm",3.72419391951433
"7",0,27,0.0476,5609,"7 dBm",3.74896286125616
"7",0,27,0.0479,4975,"7 dBm",3.69688037168276
"7",0,27,0.0484,5466,"7 dBm",3.73774907389156
"7",0,27,0.0485,5042,"7 dBm",3.70268896815913
"7",0,27,0.0486,4671,"7 dBm",3.66950283410434
"7",0,27,0.0486,5192,"7 dBm",3.71541832259506
"7",0,27,0.0487,4400,"7 dBm",3.64355136856295
"7",0,27,0.0488,4349,"7 dBm",3.63848925695464
"7",0,27,0.0488,4871,"7 dBm",3.68770727962482
"7",0,27,0.0489,4063,"7 dBm",3.60895369927586
"7",0,27,0.0492,4677,"7 dBm",3.67006021747313
"7",0,27,0.0493,5500,"7 dBm",3.74044164494977
"7",0,27,0.0494,4449,"7 dBm",3.64836001098093
"7",0,27,0.0494,5307,"7 dBm",3.7249309141924
"7",0,27,0.0495,4290,"7 dBm",3.63255851453267
"7",0,27,0.0496,4344,"7 dBm",3.63798978078469
"7",0,27,0.0498,5057,"7 dBm",3.70397882500839
"7",0,27,0.05,4399,"7 dBm",3.64345267648619
"7",0,27,0.0501,5326,"7 dBm",3.72648269678483
"7",0,27,0.0501,5476,"7 dBm",3.73854274092879
"7",0,27,0.0503,5168,"7 dBm",3.71340653216769
"7",0,27,0.0504,4473,"7 dBm",3.65069597976061
"7",0,27,0.0504,5473,"7 dBm",3.7383047930741
"7",0,27,0.0506,5462,"7 dBm",3.73743120051458
"7",0,27,0.0508,4135,"7 dBm",3.61658053008589
"7",0,27,0.051,5348,"7 dBm",3.72827259789502
"7",0,27,0.051,5516,"7 dBm",3.74170298395774
"7",0,27,0.0513,3870,"7 dBm",3.58782317131896
"7",0,27,0.0513,4266,"7 dBm",3.63012264285931
"7",0,27,0.0513,4435,"7 dBm",3.64699153747712
"7",0,27,0.0525,3351,"7 dBm",3.52530400995824
"7",0,28,0.0554,1956,"7 dBm",3.291590825658
"7",0,28,0.0556,1935,"7 dBm",3.28690535297237
"7",0,28,0.0567,1674,"7 dBm",3.22401481137286
"7",0,28,0.057,1351,"7 dBm",3.13097669160562
"7",0,28,0.0574,1264,"7 dBm",3.10209052551184
"7",0,28,0.0574,1457,"7 dBm",3.16375752398196
"7",0,28,0.0575,1495,"7 dBm",3.17493159352844
"7",0,28,0.0576,1641,"7 dBm",3.21537315278342
"7",0,28,0.0578,1471,"7 dBm",3.16790781000148
"7",0,28,0.0579,854,"7 dBm",2.93196611472817
"7",0,28,0.0579,1452,"7 dBm",3.16226561429802
"7",0,28,0.058,1433,"7 dBm",3.15654915133178
"7",0,28,0.058,1446,"7 dBm",3.16046853111904
"7",0,28,0.0581,1194,"7 dBm",3.07736790528416
"7",0,28,0.0581,1411,"7 dBm",3.14983469671578
"7",0,28,0.0582,1387,"7 dBm",3.14238946611884
"7",0,28,0.0582,1398,"7 dBm",3.14581771449183
"7",0,28,0.0583,1396,"7 dBm",3.14519640611418
"7",0,28,0.0584,1368,"7 dBm",3.13640344813399
"7",0,28,0.0585,1332,"7 dBm",3.12483014941386
"7",0,28,0.0586,1314,"7 dBm",3.11892575282578
"7",0,28,0.0587,1329,"7 dBm",3.12385164096709
"7",0,28,0.0587,1435,"7 dBm",3.15715443990628
"7",0,28,0.0588,1262,"7 dBm",3.10140335055533
"7",0,28,0.0589,1288,"7 dBm",3.1102529173534
"7",0,28,0.0591,1237,"7 dBm",3.0927206446841
"7",0,28,0.0592,1154,"7 dBm",3.06258198422816
"7",0,28,0.0593,1053,"7 dBm",3.02284061087653
"7",0,28,0.0593,1089,"7 dBm",3.03742649794062
"7",0,28,0.0593,1189,"7 dBm",3.07554696139253
"7",0,28,0.0594,1387,"7 dBm",3.14238946611884
"7",0,28,0.0595,1058,"7 dBm",3.02489596010748
"7",0,28,0.0595,1302,"7 dBm",3.11494441571258
"7",0,28,0.0596,888,"7 dBm",2.94890176097021
"7",0,28,0.0596,1176,"7 dBm",3.07077646284343
"7",0,28,0.0597,1157,"7 dBm",3.06370855939142
"7",0,28,0.0597,1349,"7 dBm",3.13033376849501
"7",0,28,0.0598,981,"7 dBm",2.99211148778695
"7",0,28,0.0598,1275,"7 dBm",3.10585067438514
"7",0,28,0.0598,1482,"7 dBm",3.17114115102838
"7",0,28,0.06,1425,"7 dBm",3.15411952551585
"7",0,28,0.0603,1272,"7 dBm",3.10482840365366
"7",0,28,0.0605,1549,"7 dBm",3.19033169817029
"7",0,28,0.0607,1379,"7 dBm",3.13987908640124
"7",0,29,0.0597,942,"7 dBm",2.97451169273733
"7",0,29,0.06,926,"7 dBm",2.9670797341445
"7",0,29,0.0602,768,"7 dBm",2.88592633980143
"7",0,29,0.0602,950,"7 dBm",2.97818051693741
"7",0,29,0.0603,767,"7 dBm",2.88536122003151
"7",0,29,0.0604,853,"7 dBm",2.931457870689
"7",0,29,0.0605,300,"7 dBm",2.47856649559384
"7",0,29,0.0606,494,"7 dBm",2.69460519893357
"7",0,29,0.0606,712,"7 dBm",2.85308952985187
"7",0,29,0.0607,606,"7 dBm",2.78318869107526
"7",0,29,0.0607,784,"7 dBm",2.89486965674525
"7",0,29,0.061,139,"7 dBm",2.14612803567824
"7",0,29,0.0611,651,"7 dBm",2.81424759573192
"7",0,29,0.0612,695,"7 dBm",2.84260923961056
"7",0,29,0.0612,724,"7 dBm",2.86033800657099
"7",0,29,0.0613,461,"7 dBm",2.66464197555613
"7",0,29,0.0614,523,"7 dBm",2.71933128698373
"7",0,29,0.0614,830,"7 dBm",2.91960102378411
"7",0,29,0.0615,889,"7 dBm",2.94939000664491
"7",0,29,0.0619,234,"7 dBm",2.37106786227174
"7",0,29,0.0619,252,"7 dBm",2.40312052117582
"7",0,29,0.0619,336,"7 dBm",2.52762990087134
"7",0,29,0.0619,377,"7 dBm",2.57749179983723
"7",0,29,0.0619,634,"7 dBm",2.80277372529198
"7",0,29,0.0619,895,"7 dBm",2.95230800966213
"7",0,29,0.062,182,"7 dBm",2.26245108973043
"7",0,29,0.062,267,"7 dBm",2.42813479402879
"7",0,29,0.062,644,"7 dBm",2.80955971463527
"7",0,29,0.0622,0,"7 dBm",0
"7",0,29,0.0622,542,"7 dBm",2.73479982958885
"7",0,29,0.0623,618,"7 dBm",2.79169064902012
"7",0,29,0.0625,124,"7 dBm",2.09691001300806
"7",0,29,0.0625,313,"7 dBm",2.49692964807321
"7",0,29,0.0628,563,"7 dBm",2.75127910398334
"7",0,29,0.0632,701,"7 dBm",2.84633711212981
"7",0,29,0.0636,76,"7 dBm",1.88649072517248
"7",0,29,0.0636,448,"7 dBm",2.65224634100332
"7",0,30,0.0655,0,"7 dBm",0
"7",0,30,0.066,0,"7 dBm",0
"7",0,30,0.066,0,"7 dBm",0
"7",0,30,0.0668,0,"7 dBm",0
"7",0,30,0.0671,0,"7 dBm",0
"7",0,30,0.0678,0,"7 dBm",0
"7",0,30,0.0681,0,"7 dBm",0
"7",0,30,0.0683,0,"7 dBm",0
"7",0,30,0.0686,0,"7 dBm",0
"7",0,30,0.0689,0,"7 dBm",0
"7",0,30,0.069,0,"7 dBm",0
"7",0,30,0.0695,0,"7 dBm",0
"7",0,30,0.0695,0,"7 dBm",0
"7",0,30,0.0697,0,"7 dBm",0
"7",0,30,0.0703,0,"7 dBm",0
"7",0,30,0.0704,0,"7 dBm",0
"7",0,30,0.0705,0,"7 dBm",0
"7",0,30,0.0706,0,"7 dBm",0
"7",0,30,0.0709,0,"7 dBm",0
"7",0,30,0.0712,0,"7 dBm",0
"7",0,30,0.0723,0,"7 dBm",0
"7",0,30,0.0725,0,"7 dBm",0
"7",0,30,0.0739,0,"7 dBm",0
"7",0,30,0.074,0,"7 dBm",0
"7",0,30,0.0757,0,"7 dBm",0
"7",0,30,0.0764,0,"7 dBm",0
"7",0,30,0.0766,0,"7 dBm",0
"7",0,30,0.0796,0,"7 dBm",0
"9",0,10,0.0261,262573,"9 dBm",5.41925172017098
"9",0,10,0.0265,280050,"9 dBm",5.44723712777679
"9",0,10,0.0265,331750,"9 dBm",5.52081224063618
"9",0,10,0.0268,322453,"9 dBm",5.50846776867343
"9",0,10,0.0269,249020,"9 dBm",5.39623597279676
"9",0,10,0.027,341122,"9 dBm",5.53291100242215
"9",0,10,0.0272,338307,"9 dBm",5.52931226771046
"9",0,10,0.0275,326629,"9 dBm",5.514056070897
"9",0,10,0.028,312749,"9 dBm",5.49519731836546
"9",0,10,0.0282,350590,"9 dBm",5.54480076315394
"9",0,10,0.0284,320238,"9 dBm",5.50547422094179
"9",0,10,0.0285,272037,"9 dBm",5.43462957329017
"9",0,10,0.0285,324471,"9 dBm",5.51117722572759
"9",0,10,0.0285,325366,"9 dBm",5.51237350298109
"9",0,10,0.0287,268881,"9 dBm",5.42956172984573
"9",0,10,0.0287,295555,"9 dBm",5.47063978026566
"9",0,10,0.0287,309321,"9 dBm",5.49041080955643
"9",0,10,0.0288,281905,"9 dBm",5.45010431935923
"9",0,10,0.0289,304953,"9 dBm",5.48423433425556
"9",0,10,0.0289,326310,"9 dBm",5.51363171417641
"9",0,10,0.0289,326310,"9 dBm",5.51363171417641
"9",0,10,0.0291,313114,"9 dBm",5.49570387330579
"9",0,10,0.0295,306036,"9 dBm",5.48577393603852
"9",0,10,0.0296,311834,"9 dBm",5.49392485829927
"9",0,10,0.0297,276481,"9 dBm",5.44166686238525
"9",0,10,0.0297,292324,"9 dBm",5.46586595835356
"9",0,10,0.0298,268072,"9 dBm",5.42825307455168
"9",0,10,0.03,310388,"9 dBm",5.49190632172291
"9",0,10,0.03,314147,"9 dBm",5.49713429915707
"9",0,10,0.0301,254672,"9 dBm",5.40598290423895
"9",0,10,0.0303,304763,"9 dBm",5.48396366501427
"9",0,10,0.0304,277791,"9 dBm",5.44371973454097
"9",0,10,0.0305,272994,"9 dBm",5.43615469285653
"9",0,10,0.0306,247583,"9 dBm",5.39372257517751
"9",0,10,0.0307,272011,"9 dBm",5.43458806366224
"9",0,10,0.0307,296254,"9 dBm",5.47166568882098
"9",0,10,0.0315,354598,"9 dBm",5.54973750651844
"9",0,10,0.0317,304179,"9 dBm",5.48313065555793
"9",0,10,0.0318,326779,"9 dBm",5.51425546843738
"9",0,10,0.0326,276386,"9 dBm",5.44151761192561
"9",0,10,0.0331,214335,"9 dBm",5.33109512152375
"9",0,10,0.0333,289116,"9 dBm",5.46107362881742
"9",0,10,0.0338,292530,"9 dBm",5.46617189577054
"9",0,10,0.0342,255182,"9 dBm",5.40685173881045
"9",0,10,0.0342,257486,"9 dBm",5.41075530727707
"9",0,10,0.0344,271242,"9 dBm",5.43335853911244
"9",0,10,0.0347,298923,"9 dBm",5.47556078505979
"9",0,10,0.0348,246743,"9 dBm",5.39224660086114
"9",0,10,0.0354,243209,"9 dBm",5.38598142773694
"9",0,10,0.0354,259008,"9 dBm",5.4133148551331
"9",0,10,0.0354,302541,"9 dBm",5.48078567354083
"9",0,10,0.0362,256982,"9 dBm",5.40990439473056
"9",0,10,0.0362,281818,"9 dBm",5.44997026952916
"9",0,10,0.0368,311560,"9 dBm",5.49354308910054
"9",0,10,0.0369,234131,"9 dBm",5.36946077496814
"9",0,10,0.0377,302607,"9 dBm",5.4808804052137
"9",0,10,0.0382,214131,"9 dBm",5.33068157334278
"9",0,15,0.0286,78508,"9 dBm",4.89491944561521
"9",0,15,0.0301,108272,"9 dBm",5.03452017026394
"9",0,15,0.0304,90405,"9 dBm",4.95619725437382
"9",0,15,0.0312,112908,"9 dBm",5.0527285610087
"9",0,15,0.0313,94843,"9 dBm",4.97700986185291
"9",0,15,0.0321,106574,"9 dBm",5.02765534131917
"9",0,15,0.0323,117482,"9 dBm",5.06997502796662
"9",0,15,0.0326,88705,"9 dBm",4.94795299614248
"9",0,15,0.0326,93042,"9 dBm",4.96868370497105
"9",0,15,0.0326,103375,"9 dBm",5.01441972369609
"9",0,15,0.0329,93027,"9 dBm",4.96861368420217
"9",0,15,0.0333,91085,"9 dBm",4.95945163065046
"9",0,15,0.0343,71721,"9 dBm",4.85565239155458
"9",0,15,0.0345,103701,"9 dBm",5.01578713228671
"9",0,15,0.035,98208,"9 dBm",4.99215128891969
"9",0,15,0.0355,91465,"9 dBm",4.96125968689184
"9",0,15,0.036,83464,"9 dBm",4.92150439771773
"9",0,15,0.0361,82130,"9 dBm",4.91450711068605
"9",0,15,0.0362,78687,"9 dBm",4.89590850705862
"9",0,15,0.0362,79115,"9 dBm",4.89826432179133
"9",0,15,0.0363,85199,"9 dBm",4.9304395947667
"9",0,15,0.0363,89129,"9 dBm",4.95002390652333
"9",0,15,0.0366,76336,"9 dBm",4.8827350884262
"9",0,15,0.0366,101189,"9 dBm",5.00513759590886
"9",0,15,0.0368,65114,"9 dBm",4.81368104489438
"9",0,15,0.0368,65114,"9 dBm",4.81368104489438
"9",0,15,0.0369,95392,"9 dBm",4.97951650706351
"9",0,15,0.037,88772,"9 dBm",4.94828089670164
"9",0,15,0.037,90350,"9 dBm",4.95593296367148
"9",0,15,0.037,90785,"9 dBm",4.95801888165405
"9",0,15,0.0371,84489,"9 dBm",4.92680531011161
"9",0,15,0.0375,74427,"9 dBm",4.87173634895783
"9",0,15,0.0377,83060,"9 dBm",4.91939715542625
"9",0,15,0.038,74196,"9 dBm",4.87038634584796
"9",0,15,0.038,79828,"9 dBm",4.90216068899544
"9",0,15,0.0381,76630,"9 dBm",4.88440449294085
"9",0,15,0.0386,70291,"9 dBm",4.8469059003604
"9",0,15,0.0386,77736,"9 dBm",4.89062777647295
"9",0,15,0.0386,81284,"9 dBm",4.91001041006807
"9",0,15,0.0387,68786,"9 dBm",4.8375063690243
"9",0,15,0.0387,68786,"9 dBm",4.8375063690243
"9",0,15,0.039,68407,"9 dBm",4.83510689342615
"9",0,15,0.0395,97525,"9 dBm",4.98912041212154
"9",0,15,0.0396,74969,"9 dBm",4.87488751084611
"9",0,15,0.0399,53571,"9 dBm",4.72893786016323
"9",0,15,0.0405,108426,"9 dBm",5.03513744171269
"9",0,15,0.0412,58896,"9 dBm",4.77009317396151
"9",0,15,0.0413,72999,"9 dBm",4.86332286012046
"9",0,15,0.0421,76393,"9 dBm",4.88305925033986
"9",0,15,0.0422,57304,"9 dBm",4.75819251686571
"9",0,20,0.0376,29365,"9 dBm",4.46784479445489
"9",0,20,0.0385,29187,"9 dBm",4.46520433758063
"9",0,20,0.039,24126,"9 dBm",4.38250332421115
"9",0,20,0.0392,26049,"9 dBm",4.41580772763554
"9",0,20,0.0396,29027,"9 dBm",4.4628171144095
"9",0,20,0.0397,22661,"9 dBm",4.35529823521117
"9",0,20,0.0397,28203,"9 dBm",4.450310706005
"9",0,20,0.0401,28109,"9 dBm",4.44886084560744
"9",0,20,0.0402,22925,"9 dBm",4.36032828807205
"9",0,20,0.0405,26869,"9 dBm",4.42926766643317
"9",0,20,0.0407,28169,"9 dBm",4.44978684698577
"9",0,20,0.0408,21222,"9 dBm",4.32680677406844
"9",0,20,0.041,26254,"9 dBm",4.41921202262308
"9",0,20,0.0414,22677,"9 dBm",4.3556047509588
"9",0,20,0.0414,23876,"9 dBm",4.37797975942165
"9",0,20,0.0415,24328,"9 dBm",4.38612425840031
"9",0,20,0.0416,28028,"9 dBm",4.44760760356731
"9",0,20,0.0418,21530,"9 dBm",4.33306420095198
"9",0,20,0.0419,26453,"9 dBm",4.42249134920997
"9",0,20,0.042,24912,"9 dBm",4.3964260280181
"9",0,20,0.0422,21360,"9 dBm",4.32962158001926
"9",0,20,0.0422,22906,"9 dBm",4.3599682158259
"9",0,20,0.0422,25847,"9 dBm",4.41242694500959
"9",0,20,0.0423,25471,"9 dBm",4.40606304605758
"9",0,20,0.0424,24108,"9 dBm",4.38217919696025
"9",0,20,0.0424,29760,"9 dBm",4.47364751985722
"9",0,20,0.0431,23127,"9 dBm",4.3641380786626
"9",0,20,0.0437,26390,"9 dBm",4.42145584669044
"9",0,20,0.0442,26329,"9 dBm",4.42045085910607
"9",0,20,0.0446,30113,"9 dBm",4.4787684460657
"9",0,20,0.0457,20757,"9 dBm",4.31718550761544
"9",0,20,0.0466,23982,"9 dBm",4.3799035074515
"9",0,25,0.0511,4888,"9 dBm",3.68922003726384
"9",0,25,0.054,3248,"9 dBm",3.51174971134498
"9",0,25,0.0541,3539,"9 dBm",3.54900326202579
"9",0,25,0.0543,3405,"9 dBm",3.53224464362658
"9",0,25,0.0544,3753,"9 dBm",3.57449426828533
"9",0,25,0.0545,2958,"9 dBm",3.47114496516063
"9",0,25,0.0545,3742,"9 dBm",3.57321982711442
"9",0,25,0.0546,3711,"9 dBm",3.56960796754682
"9",0,25,0.0547,2336,"9 dBm",3.36865871239223
"9",0,25,0.0547,3626,"9 dBm",3.55954755558043
"9",0,25,0.0547,3668,"9 dBm",3.56454771175595
"9",0,25,0.0548,3582,"9 dBm",3.55424680816611
"9",0,25,0.0549,3527,"9 dBm",3.54752857645978
"9",0,25,0.055,3448,"9 dBm",3.53769319436739
"9",0,25,0.0551,3394,"9 dBm",3.53083977861652
"9",0,25,0.0552,3341,"9 dBm",3.52400644555737
"9",0,25,0.0553,2474,"9 dBm",3.39357520326959
"9",0,25,0.0553,3319,"9 dBm",3.52113808370404
"9",0,25,0.0553,3334,"9 dBm",3.52309583825257
"9",0,25,0.0553,3687,"9 dBm",3.56679091238159
"9",0,25,0.0554,3267,"9 dBm",3.51428204786038
"9",0,25,0.0554,3595,"9 dBm",3.55581968306119
"9",0,25,0.0555,3174,"9 dBm",3.50174372962799
"9",0,25,0.0555,3216,"9 dBm",3.50745106090197
"9",0,25,0.0556,2740,"9 dBm",3.4379090355395
"9",0,25,0.0556,3188,"9 dBm",3.50365451924296
"9",0,25,0.0556,3228,"9 dBm",3.50906804501716
"9",0,25,0.0556,3564,"9 dBm",3.55205953418788
"9",0,25,0.0557,3367,"9 dBm",3.52737208282761
"9",0,25,0.0559,3007,"9 dBm",3.4782778319196
"9",0,25,0.0562,3147,"9 dBm",3.49803472368703
"9",0,25,0.0564,2700,"9 dBm",3.43152458418745
"9",0,25,0.0569,2827,"9 dBm",3.45147940512486
"9",0,25,0.057,3279,"9 dBm",3.51587384371168
"9",0,25,0.0571,3382,"9 dBm",3.52930199778798
"9",0,25,0.0575,2515,"9 dBm",3.40071063677323
"9",0,25,0.0575,2996,"9 dBm",3.47668674294564
"9",0,25,0.0576,3088,"9 dBm",3.48981790830145
"9",0,25,0.0578,3104,"9 dBm",3.4920616045126
"9",0,25,0.0578,3661,"9 dBm",3.56371833996568
"9",0,27,0.0567,1647,"9 dBm",3.2169572073611
"9",0,27,0.0568,1625,"9 dBm",3.21112054125805
"9",0,27,0.0568,1851,"9 dBm",3.26764098234592
"9",0,27,0.0569,1438,"9 dBm",3.15806079393661
"9",0,27,0.0569,1445,"9 dBm",3.16016829295851
"9",0,27,0.0569,1816,"9 dBm",3.25935492730803
"9",0,27,0.0569,1839,"9 dBm",3.26481782300954
"9",0,27,0.057,1550,"9 dBm",3.19061179781361
"9",0,27,0.0571,1372,"9 dBm",3.13767053723676
"9",0,27,0.0571,1793,"9 dBm",3.25382243870807
"9",0,27,0.0572,1402,"9 dBm",3.14705767102836
"9",0,27,0.0572,1746,"9 dBm",3.24229290498293
"9",0,27,0.0573,1433,"9 dBm",3.15654915133178
"9",0,27,0.0573,1691,"9 dBm",3.228400358703
"9",0,27,0.0573,1754,"9 dBm",3.24427712080184
"9",0,27,0.0573,1770,"9 dBm",3.24821856119007
"9",0,27,0.0574,1373,"9 dBm",3.13798673272353
"9",0,27,0.0574,1719,"9 dBm",3.23552844690755
"9",0,27,0.0575,1587,"9 dBm",3.20085049809108
"9",0,27,0.0575,1604,"9 dBm",3.20547503674089
"9",0,27,0.0575,1662,"9 dBm",3.22089224921952
"9",0,27,0.0576,1588,"9 dBm",3.20112389720738
"9",0,27,0.0576,1688,"9 dBm",3.22762964957101
"9",0,27,0.0577,1500,"9 dBm",3.17638069224327
"9",0,27,0.0577,1503,"9 dBm",3.17724783625562
"9",0,27,0.0577,1555,"9 dBm",3.19200959265367
"9",0,27,0.0577,1638,"9 dBm",3.2145789535705
"9",0,27,0.0578,1513,"9 dBm",3.18012587516405
"9",0,27,0.0578,1594,"9 dBm",3.2027606873932
"9",0,27,0.0578,1598,"9 dBm",3.20384846374623
"9",0,27,0.0578,1614,"9 dBm",3.20817252666712
"9",0,27,0.0578,1704,"9 dBm",3.23172438332852
"9",0,27,0.0578,1714,"9 dBm",3.23426412437879
"9",0,27,0.0579,1567,"9 dBm",3.19534605834842
"9",0,27,0.0579,1617,"9 dBm",3.20897851727625
"9",0,27,0.058,1526,"9 dBm",3.18383903705642
"9",0,27,0.0581,1498,"9 dBm",3.17580163284828
"9",0,27,0.0581,1522,"9 dBm",3.18269990333604
"9",0,27,0.0582,1469,"9 dBm",3.16731733474818
"9",0,27,0.0582,1552,"9 dBm",3.19117145572856
"9",0,27,0.0583,1662,"9 dBm",3.22089224921952
"9",0,28,0.0558,1062,"9 dBm",3.0265332645233
"9",0,28,0.056,978,"9 dBm",2.99078269180314
"9",0,28,0.0563,1499,"9 dBm",3.17609125905568
"9",0,28,0.0565,684,"9 dBm",2.83569057149243
"9",0,28,0.0568,1126,"9 dBm",3.05192391604611
"9",0,28,0.057,1169,"9 dBm",3.06818586174616
"9",0,28,0.057,1268,"9 dBm",3.1034616220947
"9",0,28,0.0571,1245,"9 dBm",3.09551804232315
"9",0,28,0.0571,1494,"9 dBm",3.17464119266045
"9",0,28,0.0573,1087,"9 dBm",3.03662889536216
"9",0,28,0.0574,909,"9 dBm",2.95904139232109
"9",0,28,0.0574,1230,"9 dBm",3.09025805293132
"9",0,28,0.0575,857,"9 dBm",2.93348728784871
"9",0,28,0.0576,1073,"9 dBm",3.03100428136354
"9",0,28,0.0577,1779,"9 dBm",3.25042000230889
"9",0,28,0.0582,1124,"9 dBm",3.05115252244738
"9",0,28,0.0582,1625,"9 dBm",3.21112054125805
"9",0,28,0.0583,602,"9 dBm",2.78031731214015
"9",0,28,0.0584,1041,"9 dBm",3.01786771896351
"9",0,28,0.0584,1159,"9 dBm",3.06445798922692
"9",0,28,0.0585,868,"9 dBm",2.93901977644867
"9",0,28,0.0585,996,"9 dBm",2.99869515831166
"9",0,28,0.0585,1070,"9 dBm",3.02978947083186
"9",0,28,0.0585,1501,"9 dBm",3.17666993266815
"9",0,28,0.0587,818,"9 dBm",2.91328390176042
"9",0,28,0.0587,1546,"9 dBm",3.18949031369937
"9",0,28,0.0589,894,"9 dBm",2.95182303531591
"9",0,28,0.059,980,"9 dBm",2.99166900737995
"9",0,28,0.0592,862,"9 dBm",2.93601079571521
"9",0,28,0.0594,1323,"9 dBm",3.12188798510368
"9",0,28,0.0598,787,"9 dBm",2.89652621748956
"9",0,28,0.0604,644,"9 dBm",2.80955971463527
"9",0,29,0.0581,1058,"9 dBm",3.02489596010748
"9",0,29,0.059,268,"9 dBm",2.42975228000241
"9",0,29,0.0592,401,"9 dBm",2.60422605308447
"9",0,29,0.0593,911,"9 dBm",2.95999483832842
"9",0,29,0.0596,825,"9 dBm",2.91698004732038
"9",0,29,0.0597,131,"9 dBm",2.12057393120585
"9",0,29,0.0598,123,"9 dBm",2.09342168516224
"9",0,29,0.0598,216,"9 dBm",2.33645973384853
"9",0,29,0.0598,804,"9 dBm",2.90579588036787
"9",0,29,0.0599,677,"9 dBm",2.83122969386706
"9",0,29,0.06,767,"9 dBm",2.88536122003151
"9",0,29,0.0605,601,"9 dBm",2.77959649125782
"9",0,29,0.0606,615,"9 dBm",2.78958071216443
"9",0,29,0.0607,585,"9 dBm",2.76789761601809
"9",0,29,0.0611,424,"9 dBm",2.62838893005031
"9",0,29,0.0612,445,"9 dBm",2.64933485871214
"9",0,29,0.0612,534,"9 dBm",2.72835378202123
"9",0,29,0.0612,600,"9 dBm",2.77887447200274
"9",0,29,0.0613,458,"9 dBm",2.66181268553726
"9",0,29,0.0614,0,"9 dBm",0
"9",0,29,0.0615,523,"9 dBm",2.71933128698373
"9",0,29,0.0617,0,"9 dBm",0
"9",0,29,0.0617,275,"9 dBm",2.44090908206522
"9",0,29,0.062,186,"9 dBm",2.2718416065365
"9",0,29,0.062,488,"9 dBm",2.68930885912362
"9",0,29,0.0621,439,"9 dBm",2.64345267648619
"9",0,29,0.0622,303,"9 dBm",2.48287358360875
"9",0,29,0.0623,507,"9 dBm",2.70586371228392
"9",0,29,0.0624,90,"9 dBm",1.95904139232109
"9",0,29,0.0625,437,"9 dBm",2.6414741105041
"9",0,29,0.0626,404,"9 dBm",2.60745502321467
"9",0,29,0.0627,679,"9 dBm",2.83250891270624
"9",0,29,0.0629,103,"9 dBm",2.01703333929878
"9",0,29,0.0629,304,"9 dBm",2.48429983934679
"9",0,29,0.0632,268,"9 dBm",2.42975228000241
"9",0,29,0.0632,304,"9 dBm",2.48429983934679
"9",0,29,0.0633,500,"9 dBm",2.69983772586725
"9",0,29,0.0637,72,"9 dBm",1.86332286012046
"9",0,29,0.0638,0,"9 dBm",0
"9",0,29,0.0643,243,"9 dBm",2.38738982633873
"9",0,30,0.0654,0,"9 dBm",0
"9",0,30,0.0657,0,"9 dBm",0
"9",0,30,0.0667,0,"9 dBm",0
"9",0,30,0.0669,0,"9 dBm",0
"9",0,30,0.0669,0,"9 dBm",0
"9",0,30,0.067,0,"9 dBm",0
"9",0,30,0.0671,0,"9 dBm",0
"9",0,30,0.0674,0,"9 dBm",0
"9",0,30,0.0675,0,"9 dBm",0
"9",0,30,0.0677,0,"9 dBm",0
"9",0,30,0.0678,0,"9 dBm",0
"9",0,30,0.0679,0,"9 dBm",0
"9",0,30,0.0683,0,"9 dBm",0
"9",0,30,0.0687,0,"9 dBm",0
"9",0,30,0.0688,0,"9 dBm",0
"9",0,30,0.069,0,"9 dBm",0
"9",0,30,0.069,0,"9 dBm",0
"9",0,30,0.0693,0,"9 dBm",0
"9",0,30,0.0694,0,"9 dBm",0
"9",0,30,0.0696,0,"9 dBm",0
"9",0,30,0.0699,0,"9 dBm",0
"9",0,30,0.0699,0,"9 dBm",0
"9",0,30,0.0703,0,"9 dBm",0
"9",0,30,0.0708,0,"9 dBm",0
"9",0,30,0.071,0,"9 dBm",0
"9",0,30,0.0713,0,"9 dBm",0
"9",0,30,0.0717,0,"9 dBm",0
"12",0,10,0.0262,299068,"12 dBm",5.47577139856567
"12",0,10,0.0264,287529,"12 dBm",5.45868316434648
"12",0,10,0.0277,284760,"12 dBm",5.45448050938689
"12",0,10,0.028,223994,"12 dBm",5.35023832415271
"12",0,10,0.028,314106,"12 dBm",5.49707761493241
"12",0,10,0.0284,294988,"12 dBm",5.4698058216447
"12",0,10,0.029,300298,"12 dBm",5.4775538859945
"12",0,10,0.0292,313293,"12 dBm",5.49595207763995
"12",0,10,0.0295,285504,"12 dBm",5.45561371837309
"12",0,10,0.0295,310172,"12 dBm",5.49160399057185
"12",0,10,0.0297,303320,"12 dBm",5.48190247911515
"12",0,10,0.0299,304811,"12 dBm",5.48403206053894
"12",0,10,0.0301,278827,"12 dBm",5.44533638361143
"12",0,10,0.0302,286423,"12 dBm",5.45700940550338
"12",0,10,0.0304,282746,"12 dBm",5.45139800567404
"12",0,10,0.0304,288680,"12 dBm",5.46041820103799
"12",0,10,0.0305,293705,"12 dBm",5.46791281863814
"12",0,10,0.0306,273252,"12 dBm",5.43656493869601
"12",0,10,0.0307,291558,"12 dBm",5.46472645199959
"12",0,10,0.0308,261024,"12 dBm",5.41668210443442
"12",0,10,0.0308,276275,"12 dBm",5.44134315954454
"12",0,10,0.0309,280859,"12 dBm",5.44848989151109
"12",0,10,0.0309,294388,"12 dBm",5.46892157832663
"12",0,10,0.0309,294876,"12 dBm",5.46964089950117
"12",0,10,0.031,289447,"12 dBm",5.46157055306688
"12",0,10,0.0312,286104,"12 dBm",5.456525447646
"12",0,10,0.0312,311682,"12 dBm",5.49371311537426
"12",0,10,0.0315,302185,"12 dBm",5.48027434000437
"12",0,10,0.0316,250501,"12 dBm",5.39881119761044
"12",0,10,0.0316,267450,"12 dBm",5.42724422606229
"12",0,10,0.0316,279842,"12 dBm",5.44691444792527
"12",0,10,0.0317,287386,"12 dBm",5.4584671188575
"12",0,10,0.0317,299811,"12 dBm",5.47684901153256
"12",0,10,0.0318,278691,"12 dBm",5.44512450224139
"12",0,10,0.0321,274236,"12 dBm",5.43812604932941
"12",0,10,0.0322,266500,"12 dBm",5.42569884298235
"12",0,10,0.0322,268525,"12 dBm",5.42898634258625
"12",0,10,0.0323,270769,"12 dBm",5.43260054496068
"12",0,10,0.0323,270769,"12 dBm",5.43260054496068
"12",0,10,0.0324,267297,"12 dBm",5.42699570925331
"12",0,10,0.0324,271318,"12 dBm",5.43348020771746
"12",0,10,0.0328,267194,"12 dBm",5.42682832695947
"12",0,10,0.0329,263417,"12 dBm",5.42064544805014
"12",0,10,0.0329,288468,"12 dBm",5.46009914902619
"12",0,10,0.033,238278,"12 dBm",5.37708576880051
"12",0,10,0.033,261905,"12 dBm",5.41814544778393
"12",0,10,0.0334,258772,"12 dBm",5.41291896070329
"12",0,10,0.0334,303312,"12 dBm",5.48189102457797
"12",0,10,0.0335,252152,"12 dBm",5.40166413956116
"12",0,10,0.0337,255883,"12 dBm",5.4080431310261
"12",0,10,0.0337,257574,"12 dBm",5.41090370849782
"12",0,10,0.0337,276458,"12 dBm",5.44163073276893
"12",0,10,0.0338,256662,"12 dBm",5.40936326620162
"12",0,10,0.034,259170,"12 dBm",5.41358640443396
"12",0,10,0.0341,248526,"12 dBm",5.39537357743166
"12",0,10,0.0343,246222,"12 dBm",5.39132861848375
"12",0,10,0.0344,259591,"12 dBm",5.41429130442498
"12",0,10,0.0344,284534,"12 dBm",5.45413569558856
"12",0,10,0.0346,243981,"12 dBm",5.38735778703942
"12",0,10,0.0348,262022,"12 dBm",5.41833941473452
"12",0,10,0.035,239864,"12 dBm",5.37996688233302
"12",0,10,0.0352,245310,"12 dBm",5.38971702285861
"12",0,10,0.0354,292474,"12 dBm",5.46608874964533
"12",0,10,0.0357,280146,"12 dBm",5.44738597611495
"12",0,10,0.0366,213775,"12 dBm",5.32995894665093
"12",0,15,0.0291,111214,"12 dBm",5.04616336618396
"12",0,15,0.0298,110629,"12 dBm",5.04387291239142
"12",0,15,0.0303,109613,"12 dBm",5.03986602617801
"12",0,15,0.0308,106176,"12 dBm",5.02603045031525
"12",0,15,0.0309,102001,"12 dBm",5.00860868725651
"12",0,15,0.0309,105317,"12 dBm",5.02250260321402
"12",0,15,0.0309,109065,"12 dBm",5.03768938565976
"12",0,15,0.0311,104324,"12 dBm",5.01838839338375
"12",0,15,0.0311,104390,"12 dBm",5.01866305787292
"12",0,15,0.0313,103411,"12 dBm",5.01457093751417
"12",0,15,0.0313,105570,"12 dBm",5.0235446353412
"12",0,15,0.0313,106721,"12 dBm",5.02825395544827
"12",0,15,0.0313,109342,"12 dBm",5.03879098528237
"12",0,15,0.0314,101855,"12 dBm",5.00798661694091
"12",0,15,0.0314,103241,"12 dBm",5.0138564090891
"12",0,15,0.0314,103703,"12 dBm",5.01579550802284
"12",0,15,0.0314,104203,"12 dBm",5.01788439021672
"12",0,15,0.0314,104774,"12 dBm",5.02025766950588
"12",0,15,0.0314,104911,"12 dBm",5.02082516632244
"12",0,15,0.0314,107147,"12 dBm",5.02998406901228
"12",0,15,0.0315,105140,"12 dBm",5.02177210329318
"12",0,15,0.0315,105302,"12 dBm",5.0224407440714
"12",0,15,0.0316,101428,"12 dBm",5.00616214374805
"12",0,15,0.0316,101713,"12 dBm",5.00738073369257
"12",0,15,0.0317,96694,"12 dBm",4.98540401773811
"12",0,15,0.0317,100881,"12 dBm",5.00381368360025
"12",0,15,0.0317,102393,"12 dBm",5.01027450895197
"12",0,15,0.0317,102658,"12 dBm",5.01139702948838
"12",0,15,0.0317,104846,"12 dBm",5.02055600845816
"12",0,15,0.0317,105789,"12 dBm",5.02444461713135
"12",0,15,0.0317,105847,"12 dBm",5.02468265643035
"12",0,15,0.0317,107904,"12 dBm",5.03304156907678
"12",0,15,0.0318,101406,"12 dBm",5.00606793484392
"12",0,15,0.0318,102836,"12 dBm",5.01214939875214
"12",0,15,0.0318,103761,"12 dBm",5.01603833413031
"12",0,15,0.0318,105373,"12 dBm",5.02273346619467
"12",0,15,0.0319,97145,"12 dBm",4.98742492316852
"12",0,15,0.0319,101038,"12 dBm",5.00448903928291
"12",0,15,0.0319,102047,"12 dBm",5.00880449756287
"12",0,15,0.0319,102266,"12 dBm",5.00973551611717
"12",0,15,0.0319,103529,"12 dBm",5.01506621401115
"12",0,15,0.0319,104947,"12 dBm",5.02097416662266
"12",0,15,0.032,99224,"12 dBm",4.9966211075792
"12",0,15,0.032,102143,"12 dBm",5.0092128609986
"12",0,15,0.032,103590,"12 dBm",5.01532202548523
"12",0,15,0.0321,101146,"12 dBm",5.00495300620947
"12",0,15,0.0321,105503,"12 dBm",5.02326892546306
"12",0,15,0.0322,100442,"12 dBm",5.00191967560588
"12",0,15,0.0322,101010,"12 dBm",5.00436867060614
"12",0,15,0.0322,101385,"12 dBm",5.00597798909478
"12",0,15,0.0322,103469,"12 dBm",5.01481444908705
"12",0,15,0.0322,104595,"12 dBm",5.01951507639412
"12",0,15,0.0323,98776,"12 dBm",4.99465583187584
"12",0,15,0.0323,100367,"12 dBm",5.00159527019326
"12",0,15,0.0323,101096,"12 dBm",5.00473826832318
"12",0,15,0.0324,98341,"12 dBm",4.99273903637362
"12",0,15,0.0325,94574,"12 dBm",4.97577634996478
"12",0,15,0.0325,100246,"12 dBm",5.00107138475416
"12",0,15,0.0325,100929,"12 dBm",5.00402027325324
"12",0,15,0.0325,101229,"12 dBm",5.00530923684852
"12",0,15,0.0325,101338,"12 dBm",5.00577661441464
"12",0,15,0.0326,97657,"12 dBm",4.98970782584757
"12",0,15,0.0326,98314,"12 dBm",4.99261978355185
"12",0,15,0.0326,98783,"12 dBm",4.994686607802
"12",0,15,0.0326,101118,"12 dBm",5.00483276607449
"12",0,15,0.0326,101942,"12 dBm",5.00835740994991
"12",0,15,0.0326,102471,"12 dBm",5.01060521264341
"12",0,15,0.0326,105594,"12 dBm",5.02364335452526
"12",0,15,0.0327,93245,"12 dBm",4.96963021082724
"12",0,15,0.0327,95893,"12 dBm",4.98179143461164
"12",0,15,0.0327,97303,"12 dBm",4.98813069373414
"12",0,15,0.0327,100550,"12 dBm",5.00238639410056
"12",0,15,0.0327,100927,"12 dBm",5.00401166731279
"12",0,15,0.0327,101085,"12 dBm",5.00469101173578
"12",0,15,0.0327,101231,"12 dBm",5.00531781711507
"12",0,15,0.0327,101407,"12 dBm",5.00607221751021
"12",0,15,0.0327,102284,"12 dBm",5.00981194950031
"12",0,15,0.0327,103091,"12 dBm",5.01322496508315
"12",0,15,0.0328,92724,"12 dBm",4.96719684200065
"12",0,15,0.0328,97480,"12 dBm",4.9889199757061
"12",0,15,0.0328,98662,"12 dBm",4.99415431671742
"12",0,15,0.0328,100088,"12 dBm",5.00038635018855
"12",0,15,0.0328,101315,"12 dBm",5.00567803532085
"12",0,15,0.0329,92972,"12 dBm",4.96835684475291
"12",0,15,0.0329,95513,"12 dBm",4.98006703312434
"12",0,15,0.0329,97113,"12 dBm",4.98728184251839
"12",0,15,0.0329,99933,"12 dBm",4.99971327101097
"12",0,15,0.0329,100896,"12 dBm",5.00387825342408
"12",0,15,0.0329,101051,"12 dBm",5.00454491340173
"12",0,15,0.033,93505,"12 dBm",4.97083947914297
"12",0,15,0.033,98641,"12 dBm",4.99406186914484
"12",0,15,0.033,100652,"12 dBm",5.00282672372571
"12",0,15,0.033,100688,"12 dBm",5.00298202765152
"12",0,15,0.033,100883,"12 dBm",5.00382229346479
"12",0,15,0.033,101856,"12 dBm",5.00799088072851
"12",0,15,0.0331,93153,"12 dBm",4.96920150808497
"12",0,15,0.0331,95634,"12 dBm",4.98061686220353
"12",0,15,0.0331,96551,"12 dBm",4.98476127428287
"12",0,15,0.0331,97242,"12 dBm",4.98785834860145
"12",0,15,0.0331,97810,"12 dBm",4.9903876990684
"12",0,15,0.0331,102426,"12 dBm",5.01041445278611
"12",0,15,0.0331,103429,"12 dBm",5.01464652468403
"12",0,15,0.0332,96297,"12 dBm",4.98361726741546
"12",0,15,0.0332,96956,"12 dBm",4.98657916928506
"12",0,15,0.0332,97393,"12 dBm",4.98853220280105
"12",0,15,0.0332,97546,"12 dBm",4.98921391746728
"12",0,15,0.0332,97613,"12 dBm",4.98951210953876
"12",0,15,0.0332,97934,"12 dBm",4.99093792766014
"12",0,15,0.0332,99475,"12 dBm",4.9977183136621
"12",0,15,0.0332,99732,"12 dBm",4.99883888295135
"12",0,15,0.0332,101397,"12 dBm",5.00602938894673
"12",0,15,0.0332,101835,"12 dBm",5.00790133239693
"12",0,15,0.0332,102656,"12 dBm",5.01138856849202
"12",0,15,0.0333,92809,"12 dBm",4.96759477267189
"12",0,15,0.0333,96542,"12 dBm",4.98472079006173
"12",0,15,0.0333,97565,"12 dBm",4.98929850019814
"12",0,15,0.0333,97623,"12 dBm",4.98955659826353
"12",0,15,0.0333,97948,"12 dBm",4.99100000646961
"12",0,15,0.0333,99480,"12 dBm",4.99774014222214
"12",0,15,0.0333,99500,"12 dBm",4.99782744549245
"12",0,15,0.0333,100159,"12 dBm",5.00069431586635
"12",0,15,0.0333,100222,"12 dBm",5.00096739844583
"12",0,15,0.0333,100693,"12 dBm",5.00300359324951
"12",0,15,0.0334,92224,"12 dBm",4.96484866389884
"12",0,15,0.0334,93406,"12 dBm",4.97037942384742
"12",0,15,0.0334,94512,"12 dBm",4.97549154861469
"12",0,15,0.0334,96334,"12 dBm",4.98378410171725
"12",0,15,0.0334,96398,"12 dBm",4.98407252874998
"12",0,15,0.0334,96692,"12 dBm",4.98539503487502
"12",0,15,0.0334,97597,"12 dBm",4.98944091809842
"12",0,15,0.0334,97718,"12 dBm",4.98997901400439
"12",0,15,0.0334,100679,"12 dBm",5.00294320687633
"12",0,15,0.0334,100759,"12 dBm",5.00328815882608
"12",0,15,0.0335,94121,"12 dBm",4.97369114693296
"12",0,15,0.0335,94669,"12 dBm",4.97621237711738
"12",0,15,0.0335,97459,"12 dBm",4.98882640704528
"12",0,15,0.0335,98834,"12 dBm",4.99491076660322
"12",0,15,0.0335,99225,"12 dBm",4.99662548442267
"12",0,15,0.0335,99856,"12 dBm",4.99937851442271
"12",0,15,0.0335,100666,"12 dBm",5.00288712629631
"12",0,15,0.0336,89165,"12 dBm",4.9501992845639
"12",0,15,0.0336,94036,"12 dBm",4.97329876566528
"12",0,15,0.0336,94829,"12 dBm",4.97694575055924
"12",0,15,0.0336,95384,"12 dBm",4.97948008403929
"12",0,15,0.0336,96449,"12 dBm",4.9843022319799
"12",0,15,0.0336,96496,"12 dBm",4.98451381175107
"12",0,15,0.0336,96827,"12 dBm",4.98600096151417
"12",0,15,0.0336,97508,"12 dBm",4.98904470256981
"12",0,15,0.0336,97836,"12 dBm",4.99050312735385
"12",0,15,0.0336,98377,"12 dBm",4.99289798921546
"12",0,15,0.0336,98512,"12 dBm",4.99349354476898
"12",0,15,0.0336,98605,"12 dBm",4.99390334179326
"12",0,15,0.0336,98785,"12 dBm",4.9946954005232
"12",0,15,0.0336,99111,"12 dBm",4.99612623993711
"12",0,15,0.0336,100829,"12 dBm",5.00358976718914
"12",0,15,0.0336,101182,"12 dBm",5.00510755176884
"12",0,15,0.0337,94460,"12 dBm",4.97525253887125
"12",0,15,0.0337,98449,"12 dBm",4.99321572047414
"12",0,15,0.0337,99740,"12 dBm",4.99887371812643
"12",0,15,0.0338,95831,"12 dBm",4.98151055190594
"12",0,15,0.0338,99107,"12 dBm",4.99610871216062
"12",0,15,0.0339,92483,"12 dBm",4.96606660503363
"12",0,15,0.0339,94578,"12 dBm",4.97579471783359
"12",0,15,0.0339,95209,"12 dBm",4.97868256515694
"12",0,15,0.0339,95401,"12 dBm",4.97955747931478
"12",0,15,0.0339,99333,"12 dBm",4.99709792407488
"12",0,15,0.0339,101958,"12 dBm",5.00842556731693
"12",0,15,0.034,94480,"12 dBm",4.97534448126278
"12",0,15,0.034,94682,"12 dBm",4.97627200995418
"12",0,15,0.034,94875,"12 dBm",4.97715636642336
"12",0,15,0.034,98292,"12 dBm",4.99252259036906
"12",0,15,0.0341,93699,"12 dBm",4.97173959088778
"12",0,15,0.0341,93786,"12 dBm",4.97214264414094
"12",0,15,0.0341,93793,"12 dBm",4.97217505745971
"12",0,15,0.0341,96337,"12 dBm",4.98379762601433
"12",0,15,0.0341,97518,"12 dBm",4.98908923919863
"12",0,15,0.0341,97951,"12 dBm",4.99101330791724
"12",0,15,0.0341,97991,"12 dBm",4.9911906216346
"12",0,15,0.0342,93439,"12 dBm",4.97053282976832
"12",0,15,0.0342,97052,"12 dBm",4.98700896438496
"12",0,15,0.0342,97822,"12 dBm",4.99044097747389
"12",0,15,0.0343,90751,"12 dBm",4.95785620483093
"12",0,15,0.0343,91519,"12 dBm",4.96151601144895
"12",0,15,0.0343,93764,"12 dBm",4.97204075795848
"12",0,15,0.0343,94052,"12 dBm",4.97337265275898
"12",0,15,0.0343,94525,"12 dBm",4.9755512805036
"12",0,15,0.0343,95230,"12 dBm",4.97877834478588
"12",0,15,0.0343,95932,"12 dBm",4.98196802586342
"12",0,15,0.0343,95961,"12 dBm",4.98209929077466
"12",0,15,0.0343,96309,"12 dBm",4.9836713828602
"12",0,15,0.0343,96655,"12 dBm",4.98522881838539
"12",0,15,0.0343,97353,"12 dBm",4.98835380015229
"12",0,15,0.0344,90196,"12 dBm",4.95519209291763
"12",0,15,0.0344,93194,"12 dBm",4.9693926126688
"12",0,15,0.0344,93421,"12 dBm",4.97044916052901
"12",0,15,0.0344,95443,"12 dBm",4.97974863206133
"12",0,15,0.0345,86957,"12 dBm",4.93930954258983
"12",0,15,0.0345,88068,"12 dBm",4.94482306507323
"12",0,15,0.0345,91959,"12 dBm",4.96359896259724
"12",0,15,0.0345,95747,"12 dBm",4.98112971112071
"12",0,15,0.0345,96630,"12 dBm",4.98511647392241
"12",0,15,0.0345,100012,"12 dBm",5.00005645461318
"12",0,15,0.0346,90567,"12 dBm",4.95697477738664
"12",0,15,0.0346,93015,"12 dBm",4.96855765945759
"12",0,15,0.0347,91726,"12 dBm",4.96249718981468
"12",0,15,0.0347,94015,"12 dBm",4.97320176977414
"12",0,15,0.0347,94748,"12 dBm",4.976574635033
"12",0,15,0.0347,96424,"12 dBm",4.98418964753808
"12",0,15,0.0348,89363,"12 dBm",4.95116259989099
"12",0,15,0.0348,91343,"12 dBm",4.96068002566261
"12",0,15,0.0348,93185,"12 dBm",4.96935067008516
"12",0,15,0.0348,97311,"12 dBm",4.98816639846404
"12",0,15,0.0349,90846,"12 dBm",4.95831059036769
"12",0,15,0.0349,91702,"12 dBm",4.96238354354498
"12",0,15,0.0349,92108,"12 dBm",4.96430206732359
"12",0,15,0.0349,93328,"12 dBm",4.97001661248208
"12",0,15,0.0349,93576,"12 dBm",4.97116911796313
"12",0,15,0.0349,93666,"12 dBm",4.97158661071463
"12",0,15,0.0349,96597,"12 dBm",4.98496813471823
"12",0,15,0.035,98617,"12 dBm",4.99395619067361
"12",0,15,0.0351,87155,"12 dBm",4.94029729020902
"12",0,15,0.0351,89793,"12 dBm",4.95324731824918
"12",0,15,0.0351,93850,"12 dBm",4.97243890447114
"12",0,15,0.0351,94124,"12 dBm",4.97370498920876
"12",0,15,0.0351,100234,"12 dBm",5.00101939471227
"12",0,15,0.0353,92841,"12 dBm",4.96774448744532
"12",0,15,0.0353,95097,"12 dBm",4.97817138341378
"12",0,15,0.0354,89535,"12 dBm",4.95199768847572
"12",0,15,0.0354,93642,"12 dBm",4.9714753185506
"12",0,15,0.0357,87434,"12 dBm",4.94168531437513
"12",0,15,0.0357,92737,"12 dBm",4.96725772560842
"12",0,15,0.0358,88299,"12 dBm",4.94596070357757
"12",0,15,0.0358,90570,"12 dBm",4.95698916284141
"12",0,15,0.0359,83203,"12 dBm",4.92014420533123
"12",0,15,0.0359,87122,"12 dBm",4.94013282153438
"12",0,15,0.0359,88825,"12 dBm",4.94854010546097
"12",0,15,0.0368,100286,"12 dBm",5.00124463995783
"12",0,15,0.0382,80816,"12 dBm",4.9075027250026
"12",0,20,0.0315,35693,"12 dBm",4.55259521930861
"12",0,20,0.0315,35829,"12 dBm",4.55424680816611
"12",0,20,0.0315,36758,"12 dBm",4.56536368823123
"12",0,20,0.0321,33628,"12 dBm",4.52671395322189
"12",0,20,0.0336,35874,"12 dBm",4.55479190974205
"12",0,20,0.0337,37463,"12 dBm",4.57361414477402
"12",0,20,0.0338,36323,"12 dBm",4.5601936670042
"12",0,20,0.0341,37493,"12 dBm",4.57396177505105
"12",0,20,0.0343,35262,"12 dBm",4.54731925714149
"12",0,20,0.0343,36138,"12 dBm",4.55797613105583
"12",0,20,0.0343,36572,"12 dBm",4.5631605859877
"12",0,20,0.0343,36720,"12 dBm",4.56491449955993
"12",0,20,0.0344,35801,"12 dBm",4.55390728822774
"12",0,20,0.0345,37138,"12 dBm",4.5698302058031
"12",0,20,0.0347,32446,"12 dBm",4.51117454878893
"12",0,20,0.0347,36536,"12 dBm",4.56273288519131
"12",0,20,0.0349,37448,"12 dBm",4.57344022523227
"12",0,20,0.0352,33669,"12 dBm",4.52724311638809
"12",0,20,0.0352,34084,"12 dBm",4.53256329833448
"12",0,20,0.0352,37933,"12 dBm",4.57902863986427
"12",0,20,0.0353,29400,"12 dBm",4.46836210208209
"12",0,20,0.0354,32553,"12 dBm",4.51260435914683
"12",0,20,0.0355,33786,"12 dBm",4.52874963180785
"12",0,20,0.0359,30932,"12 dBm",4.49042204157655
"12",0,20,0.0359,31597,"12 dBm",4.499659594756
"12",0,20,0.0359,37059,"12 dBm",4.56890541498288
"12",0,20,0.036,31725,"12 dBm",4.50141531989637
"12",0,20,0.0361,30861,"12 dBm",4.48942406692541
"12",0,20,0.0362,33150,"12 dBm",4.52049663343254
"12",0,20,0.0362,33593,"12 dBm",4.52626171787863
"12",0,20,0.0365,36297,"12 dBm",4.55988269630628
"12",0,20,0.0365,37999,"12 dBm",4.57978359661681
"12",0,20,0.0367,36007,"12 dBm",4.55639899993042
"12",0,20,0.0368,32958,"12 dBm",4.51797402641494
"12",0,20,0.0368,35208,"12 dBm",4.5466536904877
"12",0,20,0.037,33381,"12 dBm",4.52351235280289
"12",0,20,0.0371,33463,"12 dBm",4.52457785157257
"12",0,20,0.0372,31867,"12 dBm",4.50335480849353
"12",0,20,0.0372,33223,"12 dBm",4.52145191810182
"12",0,20,0.0373,31553,"12 dBm",4.4990544211971
"12",0,20,0.0374,32186,"12 dBm",4.50768050001082
"12",0,20,0.0376,32593,"12 dBm",4.51313766121164
"12",0,20,0.0378,32072,"12 dBm",4.50613958426614
"12",0,20,0.0379,31693,"12 dBm",4.5009770535892
"12",0,20,0.0379,31938,"12 dBm",4.5043213143923
"12",0,20,0.038,31301,"12 dBm",4.49557208710602
"12",0,20,0.0382,31636,"12 dBm",4.50019529450904
"12",0,20,0.0385,30858,"12 dBm",4.48938184844396
"12",0,20,0.0386,31281,"12 dBm",4.4952945116895
"12",0,20,0.0387,29784,"12 dBm",4.47399760443486
"12",0,20,0.0389,30153,"12 dBm",4.47934493049614
"12",0,20,0.0389,33301,"12 dBm",4.52247031647572
"12",0,20,0.039,30279,"12 dBm",4.48115587082803
"12",0,20,0.0391,29867,"12 dBm",4.47520614265622
"12",0,20,0.0401,28479,"12 dBm",4.45453998496482
"12",0,25,0.0407,10050,"12 dBm",4.00220927298801
"12",0,25,0.0409,4639,"12 dBm",3.66651798055488
"12",0,25,0.0412,11684,"12 dBm",4.06762871672825
"12",0,25,0.0413,9745,"12 dBm",3.98882640704528
"12",0,25,0.0425,9438,"12 dBm",3.97492598608976
"12",0,25,0.0427,9487,"12 dBm",3.97717467602019
"12",0,25,0.0432,9018,"12 dBm",3.95515838692579
"12",0,25,0.0433,8932,"12 dBm",3.95099733398881
"12",0,25,0.0434,6358,"12 dBm",3.80338882498361
"12",0,25,0.0437,8736,"12 dBm",3.94136233571176
"12",0,25,0.0439,7052,"12 dBm",3.8483738838446
"12",0,25,0.0439,8370,"12 dBm",3.9227773419288
"12",0,25,0.0443,8419,"12 dBm",3.92531209149965
"12",0,25,0.0446,5601,"12 dBm",3.74834310448755
"12",0,25,0.0447,8433,"12 dBm",3.92603359667884
"12",0,25,0.0448,8087,"12 dBm",3.90784114258294
"12",0,25,0.045,5701,"12 dBm",3.75602721297344
"12",0,25,0.045,7353,"12 dBm",3.86652362553284
"12",0,25,0.0452,9150,"12 dBm",3.96146855535079
"12",0,25,0.0454,5179,"12 dBm",3.71432975974523
"12",0,25,0.0454,7761,"12 dBm",3.889973638404
"12",0,25,0.0455,5795,"12 dBm",3.76312837679914
"12",0,25,0.0455,10861,"12 dBm",4.03590979845661
"12",0,25,0.0458,7354,"12 dBm",3.86658267706355
"12",0,25,0.0459,7448,"12 dBm",3.87209797427423
"12",0,25,0.0463,7196,"12 dBm",3.85715150268749
"12",0,25,0.0465,7058,"12 dBm",3.84874318189568
"12",0,25,0.0467,6928,"12 dBm",3.84067056133341
"12",0,25,0.0468,7254,"12 dBm",3.86063741677375
"12",0,25,0.047,6713,"12 dBm",3.82698133691199
"12",0,25,0.0471,6169,"12 dBm",3.79028516403324
"12",0,25,0.0471,6684,"12 dBm",3.825101411598
"12",0,25,0.0473,5911,"12 dBm",3.77173442538677
"12",0,25,0.0473,6595,"12 dBm",3.81928064697248
"12",0,25,0.0474,6452,"12 dBm",3.80976166510712
"12",0,25,0.0476,3289,"12 dBm",3.51719589794997
"12",0,25,0.0476,3889,"12 dBm",3.58994960132571
"12",0,25,0.0476,6321,"12 dBm",3.80085449150356
"12",0,25,0.0478,6142,"12 dBm",3.78838051531956
"12",0,25,0.0479,6369,"12 dBm",3.80413943233535
"12",0,25,0.0479,8212,"12 dBm",3.91450182282731
"12",0,25,0.0481,4996,"12 dBm",3.69870934944259
"12",0,25,0.0488,6478,"12 dBm",3.81150797994533
"12",0,25,0.049,5964,"12 dBm",3.77561044800636
"12",0,25,0.0493,9811,"12 dBm",3.99175753953435
"12",0,25,0.0521,7001,"12 dBm",3.84522210642901
"12",0,27,0.0624,58,"12 dBm",1.77085201164214
"12",0,27,0.0625,12,"12 dBm",1.11394335230684
"12",0,27,0.0625,37,"12 dBm",1.57978359661681
"12",0,27,0.0625,71,"12 dBm",1.85733249643127
"12",0,27,0.0625,84,"12 dBm",1.92941892571429
"12",0,27,0.0626,19,"12 dBm",1.30102999566398
"12",0,27,0.0626,76,"12 dBm",1.88649072517248
"12",0,27,0.0626,89,"12 dBm",1.95424250943932
"12",0,27,0.0626,92,"12 dBm",1.96848294855394
"12",0,27,0.0626,99,"12 dBm",2
"12",0,27,0.0627,31,"12 dBm",1.50514997831991
"12",0,27,0.0627,41,"12 dBm",1.6232492903979
"12",0,27,0.0627,66,"12 dBm",1.82607480270083
"12",0,27,0.0627,111,"12 dBm",2.04921802267018
"12",0,27,0.0628,23,"12 dBm",1.38021124171161
"12",0,27,0.0628,28,"12 dBm",1.46239799789896
"12",0,27,0.0628,38,"12 dBm",1.5910646070265
"12",0,27,0.0628,99,"12 dBm",2
"12",0,27,0.0628,133,"12 dBm",2.12710479836481
"12",0,27,0.0629,14,"12 dBm",1.17609125905568
"12",0,27,0.0629,17,"12 dBm",1.25527250510331
"12",0,27,0.0629,53,"12 dBm",1.73239375982297
"12",0,27,0.0629,54,"12 dBm",1.74036268949424
"12",0,27,0.0629,102,"12 dBm",2.01283722470517
"12",0,27,0.0629,130,"12 dBm",2.11727129565576
"12",0,27,0.063,64,"12 dBm",1.81291335664286
"12",0,27,0.063,94,"12 dBm",1.97772360528885
"12",0,27,0.0631,39,"12 dBm",1.60205999132796
"12",0,27,0.0631,63,"12 dBm",1.80617997398389
"12",0,27,0.0631,79,"12 dBm",1.90308998699194
"12",0,27,0.0631,96,"12 dBm",1.98677173426624
"12",0,27,0.0632,50,"12 dBm",1.70757017609794
"12",0,27,0.0632,98,"12 dBm",1.99563519459755
"12",0,27,0.0632,105,"12 dBm",2.02530586526477
"12",0,27,0.0632,112,"12 dBm",2.05307844348342
"12",0,27,0.0633,133,"12 dBm",2.12710479836481
"12",0,27,0.0633,136,"12 dBm",2.13672056715641
"12",0,28,0.0656,0,"12 dBm",0
"12",0,28,0.0658,0,"12 dBm",0
"12",0,28,0.0658,0,"12 dBm",0
"12",0,28,0.0661,0,"12 dBm",0
"12",0,28,0.0662,0,"12 dBm",0
"12",0,28,0.0663,0,"12 dBm",0
"12",0,28,0.0665,0,"12 dBm",0
"12",0,28,0.0668,0,"12 dBm",0
"12",0,28,0.0669,0,"12 dBm",0
"12",0,28,0.067,0,"12 dBm",0
"12",0,28,0.0672,0,"12 dBm",0
"12",0,28,0.0679,0,"12 dBm",0
"12",0,28,0.0682,0,"12 dBm",0
"12",0,28,0.0684,0,"12 dBm",0
"12",0,28,0.0686,0,"12 dBm",0
"12",0,28,0.0687,0,"12 dBm",0
"12",0,28,0.0687,0,"12 dBm",0
"12",0,28,0.0688,0,"12 dBm",0
"12",0,28,0.0689,0,"12 dBm",0
"12",0,28,0.069,0,"12 dBm",0
"12",0,28,0.0691,0,"12 dBm",0
"12",0,28,0.0691,0,"12 dBm",0
"12",0,28,0.0692,0,"12 dBm",0
"12",0,28,0.0692,0,"12 dBm",0
"12",0,28,0.0696,0,"12 dBm",0
"12",0,28,0.0696,0,"12 dBm",0
"12",0,28,0.0698,0,"12 dBm",0
"12",0,28,0.0699,0,"12 dBm",0
"12",0,28,0.07,0,"12 dBm",0
"12",0,28,0.07,0,"12 dBm",0
"12",0,28,0.0701,0,"12 dBm",0
"12",0,28,0.0702,0,"12 dBm",0
"12",0,28,0.0702,0,"12 dBm",0
"12",0,28,0.0707,0,"12 dBm",0
"12",0,28,0.0713,0,"12 dBm",0
"12",0,28,0.072,0,"12 dBm",0
"12",0,29,0.072,0,"12 dBm",0
"12",0,29,0.0721,0,"12 dBm",0
"12",0,29,0.0724,0,"12 dBm",0
"12",0,29,0.0728,0,"12 dBm",0
"12",0,29,0.0732,0,"12 dBm",0
"12",0,29,0.0734,0,"12 dBm",0
"12",0,29,0.0735,0,"12 dBm",0
"12",0,29,0.0736,0,"12 dBm",0
"12",0,29,0.0737,0,"12 dBm",0
"12",0,29,0.0738,0,"12 dBm",0
"12",0,29,0.074,0,"12 dBm",0
"12",0,29,0.0741,0,"12 dBm",0
"12",0,29,0.0742,0,"12 dBm",0
"12",0,29,0.0743,0,"12 dBm",0
"12",0,29,0.0747,0,"12 dBm",0
"12",0,29,0.0749,0,"12 dBm",0
"12",0,29,0.0749,0,"12 dBm",0
"12",0,29,0.0749,0,"12 dBm",0
"12",0,29,0.0751,0,"12 dBm",0
"12",0,29,0.0752,0,"12 dBm",0
"12",0,29,0.0752,0,"12 dBm",0
"12",0,29,0.0753,0,"12 dBm",0
"12",0,29,0.0754,0,"12 dBm",0
"12",0,29,0.0754,0,"12 dBm",0
"12",0,29,0.0756,0,"12 dBm",0
"12",0,29,0.0756,0,"12 dBm",0
"12",0,29,0.0756,0,"12 dBm",0
"12",0,29,0.0757,0,"12 dBm",0
"12",0,29,0.0758,0,"12 dBm",0
"12",0,29,0.0762,0,"12 dBm",0
"12",0,29,0.0764,0,"12 dBm",0
"12",0,29,0.0765,0,"12 dBm",0
"12",0,29,0.0767,0,"12 dBm",0
"12",0,29,0.0768,0,"12 dBm",0
"12",0,29,0.0769,0,"12 dBm",0
"12",0,29,0.0769,0,"12 dBm",0
"12",0,29,0.0771,0,"12 dBm",0
"12",0,29,0.0773,0,"12 dBm",0
"12",0,29,0.0774,0,"12 dBm",0
"12",0,29,0.0774,0,"12 dBm",0
"12",0,29,0.0775,0,"12 dBm",0
"12",0,29,0.0776,0,"12 dBm",0
"12",0,29,0.0778,0,"12 dBm",0
"12",0,29,0.0787,0,"12 dBm",0
"12",0,29,0.0787,0,"12 dBm",0
"12",0,29,0.0798,0,"12 dBm",0
"12",0,29,0.0804,0,"12 dBm",0
"12",0,29,0.0804,0,"12 dBm",0
"12",0,30,0.0796,0,"12 dBm",0
"12",0,30,0.0801,0,"12 dBm",0
"12",0,30,0.0803,0,"12 dBm",0
"12",0,30,0.0808,0,"12 dBm",0
"12",0,30,0.0808,0,"12 dBm",0
"12",0,30,0.0808,0,"12 dBm",0
"12",0,30,0.0809,0,"12 dBm",0
"12",0,30,0.081,0,"12 dBm",0
"12",0,30,0.0812,0,"12 dBm",0
"12",0,30,0.0814,0,"12 dBm",0
"12",0,30,0.0817,0,"12 dBm",0
"12",0,30,0.0818,0,"12 dBm",0
"12",0,30,0.0821,0,"12 dBm",0
"12",0,30,0.0821,0,"12 dBm",0
"12",0,30,0.0822,0,"12 dBm",0
"12",0,30,0.0822,0,"12 dBm",0
"12",0,30,0.0824,0,"12 dBm",0
"12",0,30,0.0824,0,"12 dBm",0
"12",0,30,0.0825,0,"12 dBm",0
"12",0,30,0.0825,0,"12 dBm",0
"12",0,30,0.0826,0,"12 dBm",0
"12",0,30,0.0827,0,"12 dBm",0
"12",0,30,0.0827,0,"12 dBm",0
"12",0,30,0.0827,0,"12 dBm",0
"12",0,30,0.083,0,"12 dBm",0
"12",0,30,0.0831,0,"12 dBm",0
"12",0,30,0.0831,0,"12 dBm",0
"12",0,30,0.0833,0,"12 dBm",0
"12",0,30,0.0834,0,"12 dBm",0
"12",0,30,0.0834,0,"12 dBm",0
"12",0,30,0.0835,0,"12 dBm",0
"12",0,30,0.084,0,"12 dBm",0
"12",0,30,0.0841,0,"12 dBm",0
"12",0,30,0.0842,0,"12 dBm",0
"12",0,30,0.0844,0,"12 dBm",0
"12",0,30,0.0847,0,"12 dBm",0
"12",0,30,0.0848,0,"12 dBm",0
"12",0,30,0.0854,0,"12 dBm",0
"12",0,30,0.0855,0,"12 dBm",0
"12",0,30,0.0861,0,"12 dBm",0
"12",0,30,0.0865,0,"12 dBm",0
