"Observation","Cluster","WardCluster","NoiseCondition"
1,3,3,"Baseline"
2,3,3,"Baseline"
3,3,3,"Baseline"
4,3,3,"Baseline"
5,3,3,"Baseline"
6,3,3,"Baseline"
7,3,3,"Baseline"
8,3,3,"Baseline"
9,3,3,"Baseline"
10,3,3,"Baseline"
11,3,3,"Baseline"
12,3,3,"Baseline"
13,3,3,"Baseline"
14,3,3,"Baseline"
15,3,3,"Baseline"
16,3,3,"Baseline"
17,3,3,"Baseline"
18,3,3,"Baseline"
19,3,3,"Baseline"
20,3,3,"Baseline"
21,3,3,"Baseline"
22,3,3,"Baseline"
23,3,3,"Baseline"
24,3,3,"Baseline"
25,3,3,"Baseline"
26,3,3,"Baseline"
27,3,3,"Baseline"
28,3,3,"Baseline"
29,3,3,"Baseline"
30,3,3,"Baseline"
31,3,3,"Baseline"
32,3,3,"Baseline"
33,3,3,"Baseline"
34,3,3,"Baseline"
35,3,3,"Baseline"
36,3,3,"Baseline"
37,3,3,"Baseline"
38,3,3,"Baseline"
39,3,3,"Baseline"
40,3,3,"Baseline"
41,3,3,"Baseline"
42,3,3,"Baseline"
43,3,3,"Baseline"
44,3,3,"Baseline"
45,3,3,"Baseline"
46,3,3,"Baseline"
47,3,3,"Baseline"
48,3,3,"Baseline"
49,3,3,"Baseline"
50,3,3,"Baseline"
51,3,3,"Baseline"
52,3,3,"Baseline"
53,3,3,"Baseline"
54,3,3,"Baseline"
55,3,3,"Baseline"
56,3,3,"Baseline"
57,3,3,"Baseline"
58,3,3,"Baseline"
59,3,3,"Baseline"
60,3,3,"Baseline"
61,3,3,"Baseline"
62,3,3,"Baseline"
63,3,3,"Baseline"
64,3,3,"Baseline"
65,3,3,"Baseline"
66,3,3,"Baseline"
67,3,3,"Baseline"
68,3,3,"Baseline"
69,3,3,"Baseline"
70,3,3,"Baseline"
71,3,3,"Baseline"
72,3,3,"Baseline"
73,3,3,"Baseline"
74,3,3,"Baseline"
75,3,3,"Baseline"
76,3,3,"Baseline"
77,3,3,"Baseline"
78,3,3,"Baseline"
79,3,3,"Baseline"
80,3,3,"Baseline"
81,3,3,"Baseline"
82,3,3,"Baseline"
83,3,3,"Baseline"
84,3,3,"Baseline"
85,3,3,"Baseline"
86,3,3,"Baseline"
87,3,3,"Baseline"
88,3,3,"Baseline"
89,3,3,"Baseline"
90,3,3,"Baseline"
91,3,3,"Baseline"
92,3,3,"Baseline"
93,3,3,"Baseline"
94,3,3,"Baseline"
95,3,3,"Baseline"
96,3,3,"Baseline"
97,3,3,"Baseline"
98,3,3,"Baseline"
99,3,3,"Baseline"
100,3,3,"Baseline"
101,3,3,"Baseline"
102,3,3,"Baseline"
103,3,3,"Baseline"
104,3,3,"Baseline"
105,3,3,"Baseline"
106,3,3,"Baseline"
107,3,3,"Baseline"
108,3,3,"Baseline"
109,3,3,"Baseline"
110,3,3,"Baseline"
111,3,3,"Baseline"
112,3,3,"Baseline"
113,3,3,"Baseline"
114,3,3,"Baseline"
115,3,3,"Baseline"
116,3,3,"Baseline"
117,3,2,"Baseline"
118,3,2,"Baseline"
119,3,2,"Baseline"
120,3,2,"Baseline"
121,3,2,"Baseline"
122,3,2,"Baseline"
123,3,2,"Baseline"
124,3,2,"Baseline"
125,3,2,"Baseline"
126,3,2,"Baseline"
127,3,2,"Baseline"
128,3,2,"Baseline"
129,3,2,"Baseline"
130,3,2,"Baseline"
131,3,2,"Baseline"
132,3,2,"Baseline"
133,3,2,"Baseline"
134,3,2,"Baseline"
135,3,2,"Baseline"
136,3,2,"Baseline"
137,3,2,"Baseline"
138,3,2,"Baseline"
139,3,2,"Baseline"
140,3,2,"Baseline"
141,3,2,"Baseline"
142,3,2,"Baseline"
143,3,2,"Baseline"
144,3,2,"Baseline"
145,3,2,"Baseline"
146,3,2,"Baseline"
147,3,2,"Baseline"
148,3,2,"Baseline"
149,3,2,"Baseline"
150,3,2,"Baseline"
151,3,2,"Baseline"
152,3,2,"Baseline"
153,3,2,"Baseline"
154,3,2,"Baseline"
155,3,2,"Baseline"
156,3,2,"Baseline"
157,3,2,"Baseline"
158,3,2,"Baseline"
159,3,2,"Baseline"
160,3,2,"Baseline"
161,3,2,"Baseline"
162,3,2,"Baseline"
163,3,2,"Baseline"
164,3,2,"Baseline"
165,2,2,"Baseline"
166,2,2,"Baseline"
167,2,2,"Baseline"
168,2,2,"Baseline"
169,2,2,"Baseline"
170,2,2,"Baseline"
171,2,2,"Baseline"
172,2,2,"Baseline"
173,2,2,"Baseline"
174,2,2,"Baseline"
175,2,2,"Baseline"
176,2,2,"Baseline"
177,2,2,"Baseline"
178,2,2,"Baseline"
179,2,2,"Baseline"
180,2,2,"Baseline"
181,2,2,"Baseline"
182,2,2,"Baseline"
183,2,2,"Baseline"
184,2,2,"Baseline"
185,2,2,"Baseline"
186,2,2,"Baseline"
187,2,2,"Baseline"
188,2,2,"Baseline"
189,2,2,"Baseline"
190,2,2,"Baseline"
191,2,2,"Baseline"
192,2,2,"Baseline"
193,2,2,"Baseline"
194,2,2,"Baseline"
195,2,2,"Baseline"
196,2,2,"Baseline"
197,2,2,"Baseline"
198,2,2,"Baseline"
199,2,2,"Baseline"
200,2,2,"Baseline"
201,2,2,"Baseline"
202,2,2,"Baseline"
203,2,2,"Baseline"
204,2,2,"Baseline"
205,2,2,"Baseline"
206,2,2,"Baseline"
207,2,2,"Baseline"
208,2,2,"Baseline"
209,2,2,"Baseline"
210,2,2,"Baseline"
211,2,2,"Baseline"
212,2,2,"Baseline"
213,2,2,"Baseline"
214,2,2,"Baseline"
215,2,2,"Baseline"
216,2,2,"Baseline"
217,2,2,"Baseline"
218,2,2,"Baseline"
219,2,2,"Baseline"
220,2,2,"Baseline"
221,2,2,"Baseline"
222,2,2,"Baseline"
223,2,2,"Baseline"
224,2,2,"Baseline"
225,2,2,"Baseline"
226,2,2,"Baseline"
227,2,2,"Baseline"
228,2,2,"Baseline"
229,2,2,"Baseline"
230,2,2,"Baseline"
231,2,2,"Baseline"
232,2,2,"Baseline"
233,2,2,"Baseline"
234,2,2,"Baseline"
235,2,2,"Baseline"
236,2,2,"Baseline"
237,2,2,"Baseline"
238,2,2,"Baseline"
239,2,2,"Baseline"
240,2,2,"Baseline"
241,2,2,"Baseline"
242,2,2,"Baseline"
243,2,2,"Baseline"
244,2,2,"Baseline"
245,2,2,"Baseline"
246,2,2,"Baseline"
247,2,2,"Baseline"
248,2,2,"Baseline"
249,2,2,"Baseline"
250,2,2,"Baseline"
251,2,2,"Baseline"
252,2,2,"Baseline"
253,2,2,"Baseline"
254,2,2,"Baseline"
255,2,2,"Baseline"
256,2,2,"Baseline"
257,2,2,"Baseline"
258,2,2,"Baseline"
259,2,2,"Baseline"
260,2,2,"Baseline"
261,2,2,"Baseline"
262,2,2,"Baseline"
263,2,2,"Baseline"
264,2,2,"Baseline"
265,2,2,"Baseline"
266,2,2,"Baseline"
267,2,2,"Baseline"
268,2,2,"Baseline"
269,2,2,"Baseline"
270,2,2,"Baseline"
271,2,2,"Baseline"
272,2,2,"Baseline"
273,2,2,"Baseline"
274,2,2,"Baseline"
275,2,2,"Baseline"
276,2,2,"Baseline"
277,2,2,"Baseline"
278,2,2,"Baseline"
279,2,2,"Baseline"
280,2,2,"Baseline"
281,2,2,"Baseline"
282,2,2,"Baseline"
283,2,2,"Baseline"
284,2,2,"Baseline"
285,2,2,"Baseline"
286,2,2,"Baseline"
287,2,2,"Baseline"
288,2,2,"Baseline"
289,2,2,"Baseline"
290,2,2,"Baseline"
291,2,2,"Baseline"
292,2,2,"Baseline"
293,2,2,"Baseline"
294,2,2,"Baseline"
295,2,2,"Baseline"
296,2,2,"Baseline"
297,2,2,"Baseline"
298,2,2,"Baseline"
299,2,2,"Baseline"
300,2,2,"Baseline"
301,2,2,"Baseline"
302,2,2,"Baseline"
303,2,2,"Baseline"
304,2,2,"Baseline"
305,2,2,"Baseline"
306,2,2,"Baseline"
307,2,2,"Baseline"
308,2,2,"Baseline"
309,2,2,"Baseline"
310,2,2,"Baseline"
311,2,2,"Baseline"
312,2,2,"Baseline"
313,2,2,"Baseline"
314,2,2,"Baseline"
315,2,2,"Baseline"
316,2,2,"Baseline"
317,2,2,"Baseline"
318,2,2,"Baseline"
319,2,2,"Baseline"
320,2,2,"Baseline"
321,2,2,"Baseline"
322,2,2,"Baseline"
323,2,2,"Baseline"
324,2,2,"Baseline"
325,2,2,"Baseline"
326,2,2,"Baseline"
327,2,2,"Baseline"
328,2,2,"Baseline"
329,2,2,"Baseline"
330,2,2,"Baseline"
331,2,2,"Baseline"
332,2,2,"Baseline"
333,2,2,"Baseline"
334,2,2,"Baseline"
335,2,2,"Baseline"
336,2,2,"Baseline"
337,2,2,"Baseline"
338,2,2,"Baseline"
339,2,2,"Baseline"
340,2,2,"Baseline"
341,2,2,"Baseline"
342,2,2,"Baseline"
343,2,2,"Baseline"
344,2,2,"Baseline"
345,2,2,"Baseline"
346,2,2,"Baseline"
347,2,2,"Baseline"
348,2,2,"Baseline"
349,2,2,"Baseline"
350,2,2,"Baseline"
351,2,2,"Baseline"
352,2,2,"Baseline"
353,2,2,"Baseline"
354,2,2,"Baseline"
355,2,2,"Baseline"
356,2,2,"Baseline"
357,2,2,"Baseline"
358,2,2,"Baseline"
359,2,2,"Baseline"
360,2,2,"Baseline"
361,2,2,"Baseline"
362,2,2,"Baseline"
363,2,2,"Baseline"
364,2,2,"Baseline"
365,2,2,"Baseline"
366,2,2,"Baseline"
367,2,2,"Baseline"
368,2,2,"Baseline"
369,2,2,"Baseline"
370,2,2,"Baseline"
371,2,2,"Baseline"
372,2,2,"Baseline"
373,2,2,"Baseline"
374,2,2,"Baseline"
375,2,2,"Baseline"
376,2,2,"Baseline"
377,2,2,"Baseline"
378,2,2,"Baseline"
379,2,2,"Baseline"
380,2,2,"Baseline"
381,2,2,"Baseline"
382,2,2,"Baseline"
383,2,2,"Baseline"
384,2,2,"Baseline"
385,2,2,"Baseline"
386,2,2,"Baseline"
387,2,2,"Baseline"
388,2,2,"Baseline"
389,2,2,"Baseline"
390,2,2,"Baseline"
391,2,2,"Baseline"
392,2,2,"Baseline"
393,2,2,"Baseline"
394,2,2,"Baseline"
395,2,2,"Baseline"
396,2,2,"Baseline"
397,2,2,"Baseline"
398,2,2,"Baseline"
399,2,2,"Baseline"
400,2,2,"Baseline"
401,2,2,"Baseline"
402,2,2,"Baseline"
403,2,2,"Baseline"
404,2,2,"Baseline"
405,2,2,"Baseline"
406,2,2,"Baseline"
407,2,2,"Baseline"
408,2,2,"Baseline"
409,2,2,"Baseline"
410,2,2,"Baseline"
411,2,2,"Baseline"
412,2,2,"Baseline"
413,2,2,"Baseline"
414,2,2,"Baseline"
415,2,2,"Baseline"
416,2,2,"Baseline"
417,2,2,"Baseline"
418,2,2,"Baseline"
419,2,2,"Baseline"
420,2,2,"Baseline"
421,2,2,"Baseline"
422,2,2,"Baseline"
423,2,2,"Baseline"
424,2,2,"Baseline"
425,1,1,"Baseline"
426,2,2,"Baseline"
427,2,2,"Baseline"
428,2,2,"Baseline"
429,2,2,"Baseline"
430,2,2,"Baseline"
431,1,2,"Baseline"
432,1,1,"Baseline"
433,1,1,"Baseline"
434,1,1,"Baseline"
435,1,1,"Baseline"
436,1,1,"Baseline"
437,1,1,"Baseline"
438,1,1,"Baseline"
439,1,1,"Baseline"
440,1,1,"Baseline"
441,1,1,"Baseline"
442,1,1,"Baseline"
443,1,1,"Baseline"
444,1,1,"Baseline"
445,1,1,"Baseline"
446,1,1,"Baseline"
447,1,1,"Baseline"
448,1,1,"Baseline"
449,1,1,"Baseline"
450,1,1,"Baseline"
451,1,1,"Baseline"
452,1,1,"Baseline"
453,1,1,"Baseline"
454,1,1,"Baseline"
455,1,1,"Baseline"
456,1,1,"Baseline"
457,1,1,"Baseline"
458,1,1,"Baseline"
459,1,1,"Baseline"
460,1,1,"Baseline"
461,1,1,"Baseline"
462,1,1,"Baseline"
463,1,1,"Baseline"
464,1,1,"Baseline"
465,1,1,"Baseline"
466,1,1,"Baseline"
467,1,1,"Baseline"
468,1,1,"Baseline"
469,1,1,"Baseline"
470,1,1,"Baseline"
471,1,1,"Baseline"
472,3,3,"3 dBm"
473,3,3,"3 dBm"
474,3,3,"3 dBm"
475,3,3,"3 dBm"
476,3,3,"3 dBm"
477,3,3,"3 dBm"
478,3,3,"3 dBm"
479,3,3,"3 dBm"
480,3,3,"3 dBm"
481,3,3,"3 dBm"
482,3,3,"3 dBm"
483,3,3,"3 dBm"
484,3,3,"3 dBm"
485,3,3,"3 dBm"
486,3,3,"3 dBm"
487,3,3,"3 dBm"
488,3,3,"3 dBm"
489,3,3,"3 dBm"
490,3,3,"3 dBm"
491,3,3,"3 dBm"
492,3,3,"3 dBm"
493,3,3,"3 dBm"
494,3,3,"3 dBm"
495,3,3,"3 dBm"
496,3,3,"3 dBm"
497,3,3,"3 dBm"
498,3,3,"3 dBm"
499,3,3,"3 dBm"
500,3,3,"3 dBm"
501,3,3,"3 dBm"
502,3,3,"3 dBm"
503,3,3,"3 dBm"
504,3,3,"3 dBm"
505,3,3,"3 dBm"
506,3,3,"3 dBm"
507,3,3,"3 dBm"
508,3,3,"3 dBm"
509,3,3,"3 dBm"
510,3,3,"3 dBm"
511,3,3,"3 dBm"
512,3,3,"3 dBm"
513,3,3,"3 dBm"
514,3,3,"3 dBm"
515,3,3,"3 dBm"
516,3,3,"3 dBm"
517,3,3,"3 dBm"
518,3,3,"3 dBm"
519,3,3,"3 dBm"
520,3,3,"3 dBm"
521,3,3,"3 dBm"
522,3,3,"3 dBm"
523,3,3,"3 dBm"
524,3,3,"3 dBm"
525,3,3,"3 dBm"
526,3,3,"3 dBm"
527,3,3,"3 dBm"
528,3,3,"3 dBm"
529,3,3,"3 dBm"
530,3,3,"3 dBm"
531,3,3,"3 dBm"
532,3,3,"3 dBm"
533,3,3,"3 dBm"
534,3,3,"3 dBm"
535,3,3,"3 dBm"
536,3,3,"3 dBm"
537,3,3,"3 dBm"
538,3,3,"3 dBm"
539,3,3,"3 dBm"
540,3,3,"3 dBm"
541,3,3,"3 dBm"
542,3,3,"3 dBm"
543,3,3,"3 dBm"
544,3,3,"3 dBm"
545,3,3,"3 dBm"
546,3,3,"3 dBm"
547,3,3,"3 dBm"
548,3,3,"3 dBm"
549,3,3,"3 dBm"
550,3,3,"3 dBm"
551,3,3,"3 dBm"
552,3,3,"3 dBm"
553,3,3,"3 dBm"
554,3,3,"3 dBm"
555,3,3,"3 dBm"
556,3,3,"3 dBm"
557,3,3,"3 dBm"
558,3,3,"3 dBm"
559,3,3,"3 dBm"
560,3,3,"3 dBm"
561,3,3,"3 dBm"
562,3,3,"3 dBm"
563,3,3,"3 dBm"
564,3,3,"3 dBm"
565,3,3,"3 dBm"
566,3,3,"3 dBm"
567,3,3,"3 dBm"
568,3,3,"3 dBm"
569,3,3,"3 dBm"
570,3,3,"3 dBm"
571,3,3,"3 dBm"
572,3,2,"3 dBm"
573,3,2,"3 dBm"
574,3,2,"3 dBm"
575,3,2,"3 dBm"
576,3,2,"3 dBm"
577,3,2,"3 dBm"
578,3,2,"3 dBm"
579,3,2,"3 dBm"
580,3,2,"3 dBm"
581,3,2,"3 dBm"
582,3,2,"3 dBm"
583,3,2,"3 dBm"
584,3,2,"3 dBm"
585,3,2,"3 dBm"
586,3,2,"3 dBm"
587,3,2,"3 dBm"
588,3,2,"3 dBm"
589,3,2,"3 dBm"
590,3,2,"3 dBm"
591,3,2,"3 dBm"
592,3,2,"3 dBm"
593,3,2,"3 dBm"
594,3,2,"3 dBm"
595,3,2,"3 dBm"
596,3,2,"3 dBm"
597,3,2,"3 dBm"
598,3,2,"3 dBm"
599,3,2,"3 dBm"
600,3,2,"3 dBm"
601,3,2,"3 dBm"
602,3,2,"3 dBm"
603,3,2,"3 dBm"
604,3,2,"3 dBm"
605,3,2,"3 dBm"
606,3,2,"3 dBm"
607,3,2,"3 dBm"
608,3,2,"3 dBm"
609,3,2,"3 dBm"
610,3,2,"3 dBm"
611,3,2,"3 dBm"
612,3,2,"3 dBm"
613,3,2,"3 dBm"
614,3,2,"3 dBm"
615,3,2,"3 dBm"
616,3,2,"3 dBm"
617,3,2,"3 dBm"
618,3,2,"3 dBm"
619,3,2,"3 dBm"
620,3,2,"3 dBm"
621,3,2,"3 dBm"
622,2,2,"3 dBm"
623,2,2,"3 dBm"
624,2,2,"3 dBm"
625,2,2,"3 dBm"
626,2,2,"3 dBm"
627,2,2,"3 dBm"
628,2,2,"3 dBm"
629,2,2,"3 dBm"
630,2,2,"3 dBm"
631,2,2,"3 dBm"
632,2,2,"3 dBm"
633,2,2,"3 dBm"
634,2,2,"3 dBm"
635,2,2,"3 dBm"
636,2,2,"3 dBm"
637,2,2,"3 dBm"
638,2,2,"3 dBm"
639,2,2,"3 dBm"
640,2,2,"3 dBm"
641,2,2,"3 dBm"
642,2,2,"3 dBm"
643,2,2,"3 dBm"
644,2,2,"3 dBm"
645,2,2,"3 dBm"
646,2,2,"3 dBm"
647,2,2,"3 dBm"
648,2,2,"3 dBm"
649,2,2,"3 dBm"
650,2,2,"3 dBm"
651,2,2,"3 dBm"
652,2,2,"3 dBm"
653,2,2,"3 dBm"
654,2,2,"3 dBm"
655,2,2,"3 dBm"
656,2,2,"3 dBm"
657,2,2,"3 dBm"
658,2,2,"3 dBm"
659,2,2,"3 dBm"
660,2,2,"3 dBm"
661,2,2,"3 dBm"
662,2,2,"3 dBm"
663,2,2,"3 dBm"
664,2,2,"3 dBm"
665,2,2,"3 dBm"
666,2,2,"3 dBm"
667,2,2,"3 dBm"
668,2,2,"3 dBm"
669,2,2,"3 dBm"
670,2,2,"3 dBm"
671,2,2,"3 dBm"
672,2,2,"3 dBm"
673,2,2,"3 dBm"
674,2,2,"3 dBm"
675,2,2,"3 dBm"
676,2,2,"3 dBm"
677,2,2,"3 dBm"
678,2,2,"3 dBm"
679,2,2,"3 dBm"
680,2,2,"3 dBm"
681,2,2,"3 dBm"
682,2,2,"3 dBm"
683,2,2,"3 dBm"
684,2,2,"3 dBm"
685,2,2,"3 dBm"
686,2,2,"3 dBm"
687,2,2,"3 dBm"
688,2,2,"3 dBm"
689,2,2,"3 dBm"
690,2,2,"3 dBm"
691,2,2,"3 dBm"
692,2,2,"3 dBm"
693,2,2,"3 dBm"
694,2,2,"3 dBm"
695,2,2,"3 dBm"
696,2,2,"3 dBm"
697,2,2,"3 dBm"
698,2,2,"3 dBm"
699,2,2,"3 dBm"
700,2,2,"3 dBm"
701,2,2,"3 dBm"
702,2,2,"3 dBm"
703,2,2,"3 dBm"
704,2,2,"3 dBm"
705,2,2,"3 dBm"
706,2,2,"3 dBm"
707,2,2,"3 dBm"
708,2,2,"3 dBm"
709,2,2,"3 dBm"
710,2,2,"3 dBm"
711,2,2,"3 dBm"
712,2,2,"3 dBm"
713,2,2,"3 dBm"
714,2,2,"3 dBm"
715,2,2,"3 dBm"
716,2,2,"3 dBm"
717,2,2,"3 dBm"
718,2,2,"3 dBm"
719,2,2,"3 dBm"
720,2,2,"3 dBm"
721,2,2,"3 dBm"
722,2,2,"3 dBm"
723,2,2,"3 dBm"
724,2,2,"3 dBm"
725,2,2,"3 dBm"
726,2,2,"3 dBm"
727,2,2,"3 dBm"
728,2,2,"3 dBm"
729,2,2,"3 dBm"
730,2,2,"3 dBm"
731,2,2,"3 dBm"
732,2,2,"3 dBm"
733,2,2,"3 dBm"
734,2,2,"3 dBm"
735,2,2,"3 dBm"
736,2,2,"3 dBm"
737,2,2,"3 dBm"
738,2,2,"3 dBm"
739,2,2,"3 dBm"
740,2,2,"3 dBm"
741,2,2,"3 dBm"
742,2,2,"3 dBm"
743,2,2,"3 dBm"
744,2,2,"3 dBm"
745,2,2,"3 dBm"
746,2,2,"3 dBm"
747,2,2,"3 dBm"
748,2,2,"3 dBm"
749,2,2,"3 dBm"
750,2,2,"3 dBm"
751,2,2,"3 dBm"
752,2,2,"3 dBm"
753,2,2,"3 dBm"
754,2,2,"3 dBm"
755,2,2,"3 dBm"
756,2,2,"3 dBm"
757,2,2,"3 dBm"
758,2,2,"3 dBm"
759,2,2,"3 dBm"
760,2,2,"3 dBm"
761,2,2,"3 dBm"
762,2,2,"3 dBm"
763,2,2,"3 dBm"
764,2,2,"3 dBm"
765,2,2,"3 dBm"
766,2,2,"3 dBm"
767,2,2,"3 dBm"
768,2,2,"3 dBm"
769,2,2,"3 dBm"
770,2,2,"3 dBm"
771,2,2,"3 dBm"
772,2,2,"3 dBm"
773,2,2,"3 dBm"
774,2,2,"3 dBm"
775,2,2,"3 dBm"
776,2,2,"3 dBm"
777,2,2,"3 dBm"
778,2,2,"3 dBm"
779,2,2,"3 dBm"
780,2,2,"3 dBm"
781,2,2,"3 dBm"
782,2,2,"3 dBm"
783,2,2,"3 dBm"
784,2,2,"3 dBm"
785,2,2,"3 dBm"
786,2,2,"3 dBm"
787,2,2,"3 dBm"
788,2,2,"3 dBm"
789,2,2,"3 dBm"
790,2,2,"3 dBm"
791,2,2,"3 dBm"
792,2,2,"3 dBm"
793,2,2,"3 dBm"
794,2,2,"3 dBm"
795,2,2,"3 dBm"
796,2,2,"3 dBm"
797,2,2,"3 dBm"
798,2,2,"3 dBm"
799,2,2,"3 dBm"
800,2,2,"3 dBm"
801,2,2,"3 dBm"
802,2,2,"3 dBm"
803,1,1,"3 dBm"
804,2,2,"3 dBm"
805,2,2,"3 dBm"
806,2,2,"3 dBm"
807,2,2,"3 dBm"
808,2,2,"3 dBm"
809,2,2,"3 dBm"
810,2,2,"3 dBm"
811,2,2,"3 dBm"
812,2,2,"3 dBm"
813,2,2,"3 dBm"
814,2,2,"3 dBm"
815,2,2,"3 dBm"
816,2,2,"3 dBm"
817,2,2,"3 dBm"
818,1,1,"3 dBm"
819,2,2,"3 dBm"
820,2,2,"3 dBm"
821,2,2,"3 dBm"
822,1,1,"3 dBm"
823,1,1,"3 dBm"
824,1,1,"3 dBm"
825,1,1,"3 dBm"
826,1,1,"3 dBm"
827,1,1,"3 dBm"
828,1,1,"3 dBm"
829,1,1,"3 dBm"
830,1,1,"3 dBm"
831,1,1,"3 dBm"
832,1,1,"3 dBm"
833,1,1,"3 dBm"
834,1,1,"3 dBm"
835,1,1,"3 dBm"
836,1,1,"3 dBm"
837,1,1,"3 dBm"
838,1,1,"3 dBm"
839,1,1,"3 dBm"
840,1,1,"3 dBm"
841,1,1,"3 dBm"
842,1,1,"3 dBm"
843,1,1,"3 dBm"
844,1,1,"3 dBm"
845,1,1,"3 dBm"
846,1,1,"3 dBm"
847,1,1,"3 dBm"
848,1,1,"3 dBm"
849,1,1,"3 dBm"
850,1,1,"3 dBm"
851,1,1,"3 dBm"
852,1,1,"3 dBm"
853,1,1,"3 dBm"
854,1,1,"3 dBm"
855,1,1,"3 dBm"
856,1,1,"3 dBm"
857,1,1,"3 dBm"
858,1,1,"3 dBm"
859,1,1,"3 dBm"
860,1,1,"3 dBm"
861,1,1,"3 dBm"
862,1,1,"3 dBm"
863,1,1,"3 dBm"
864,1,1,"3 dBm"
865,1,1,"3 dBm"
866,1,1,"3 dBm"
867,1,1,"3 dBm"
868,1,1,"3 dBm"
869,1,1,"3 dBm"
870,1,1,"3 dBm"
871,1,1,"3 dBm"
872,3,3,"7 dBm"
873,3,3,"7 dBm"
874,3,3,"7 dBm"
875,3,3,"7 dBm"
876,3,3,"7 dBm"
877,3,3,"7 dBm"
878,3,3,"7 dBm"
879,3,3,"7 dBm"
880,3,3,"7 dBm"
881,3,3,"7 dBm"
882,3,3,"7 dBm"
883,3,3,"7 dBm"
884,3,3,"7 dBm"
885,3,3,"7 dBm"
886,3,3,"7 dBm"
887,3,3,"7 dBm"
888,3,3,"7 dBm"
889,3,3,"7 dBm"
890,3,3,"7 dBm"
891,3,3,"7 dBm"
892,3,3,"7 dBm"
893,3,3,"7 dBm"
894,3,3,"7 dBm"
895,3,3,"7 dBm"
896,3,3,"7 dBm"
897,3,3,"7 dBm"
898,3,3,"7 dBm"
899,3,3,"7 dBm"
900,3,3,"7 dBm"
901,3,3,"7 dBm"
902,3,3,"7 dBm"
903,3,3,"7 dBm"
904,3,3,"7 dBm"
905,3,3,"7 dBm"
906,3,3,"7 dBm"
907,3,3,"7 dBm"
908,3,3,"7 dBm"
909,3,3,"7 dBm"
910,3,3,"7 dBm"
911,3,3,"7 dBm"
912,3,3,"7 dBm"
913,3,3,"7 dBm"
914,3,3,"7 dBm"
915,3,3,"7 dBm"
916,3,3,"7 dBm"
917,3,3,"7 dBm"
918,3,3,"7 dBm"
919,3,3,"7 dBm"
920,3,3,"7 dBm"
921,3,3,"7 dBm"
922,3,3,"7 dBm"
923,3,3,"7 dBm"
924,3,3,"7 dBm"
925,3,3,"7 dBm"
926,3,3,"7 dBm"
927,3,3,"7 dBm"
928,3,3,"7 dBm"
929,3,3,"7 dBm"
930,3,3,"7 dBm"
931,3,3,"7 dBm"
932,3,3,"7 dBm"
933,3,3,"7 dBm"
934,3,3,"7 dBm"
935,3,3,"7 dBm"
936,3,3,"7 dBm"
937,3,3,"7 dBm"
938,3,3,"7 dBm"
939,3,3,"7 dBm"
940,3,3,"7 dBm"
941,3,3,"7 dBm"
942,3,3,"7 dBm"
943,3,3,"7 dBm"
944,3,3,"7 dBm"
945,3,3,"7 dBm"
946,3,3,"7 dBm"
947,3,3,"7 dBm"
948,3,3,"7 dBm"
949,3,3,"7 dBm"
950,3,3,"7 dBm"
951,3,3,"7 dBm"
952,3,3,"7 dBm"
953,3,3,"7 dBm"
954,3,3,"7 dBm"
955,3,3,"7 dBm"
956,3,3,"7 dBm"
957,3,3,"7 dBm"
958,3,3,"7 dBm"
959,3,3,"7 dBm"
960,3,3,"7 dBm"
961,3,3,"7 dBm"
962,3,3,"7 dBm"
963,3,3,"7 dBm"
964,3,3,"7 dBm"
965,3,3,"7 dBm"
966,3,3,"7 dBm"
967,3,3,"7 dBm"
968,3,3,"7 dBm"
969,3,3,"7 dBm"
970,3,3,"7 dBm"
971,3,3,"7 dBm"
972,3,3,"7 dBm"
973,3,3,"7 dBm"
974,3,3,"7 dBm"
975,3,3,"7 dBm"
976,3,3,"7 dBm"
977,3,3,"7 dBm"
978,3,3,"7 dBm"
979,3,3,"7 dBm"
980,3,3,"7 dBm"
981,3,3,"7 dBm"
982,3,3,"7 dBm"
983,3,3,"7 dBm"
984,3,3,"7 dBm"
985,3,3,"7 dBm"
986,3,3,"7 dBm"
987,3,3,"7 dBm"
988,3,2,"7 dBm"
989,3,2,"7 dBm"
990,3,2,"7 dBm"
991,3,2,"7 dBm"
992,3,2,"7 dBm"
993,3,2,"7 dBm"
994,3,2,"7 dBm"
995,3,2,"7 dBm"
996,3,2,"7 dBm"
997,3,2,"7 dBm"
998,3,2,"7 dBm"
999,3,2,"7 dBm"
1000,3,2,"7 dBm"
1001,3,2,"7 dBm"
1002,3,2,"7 dBm"
1003,3,2,"7 dBm"
1004,3,2,"7 dBm"
1005,3,2,"7 dBm"
1006,3,2,"7 dBm"
1007,3,2,"7 dBm"
1008,3,2,"7 dBm"
1009,3,2,"7 dBm"
1010,3,2,"7 dBm"
1011,3,2,"7 dBm"
1012,3,2,"7 dBm"
1013,3,2,"7 dBm"
1014,3,2,"7 dBm"
1015,3,2,"7 dBm"
1016,3,2,"7 dBm"
1017,3,2,"7 dBm"
1018,3,2,"7 dBm"
1019,3,2,"7 dBm"
1020,3,2,"7 dBm"
1021,3,2,"7 dBm"
1022,3,2,"7 dBm"
1023,3,2,"7 dBm"
1024,3,2,"7 dBm"
1025,3,2,"7 dBm"
1026,3,2,"7 dBm"
1027,3,2,"7 dBm"
1028,3,2,"7 dBm"
1029,3,2,"7 dBm"
1030,2,2,"7 dBm"
1031,2,2,"7 dBm"
1032,2,2,"7 dBm"
1033,2,2,"7 dBm"
1034,2,2,"7 dBm"
1035,2,2,"7 dBm"
1036,2,2,"7 dBm"
1037,2,2,"7 dBm"
1038,2,2,"7 dBm"
1039,2,2,"7 dBm"
1040,2,2,"7 dBm"
1041,2,2,"7 dBm"
1042,2,2,"7 dBm"
1043,2,2,"7 dBm"
1044,2,2,"7 dBm"
1045,2,2,"7 dBm"
1046,2,2,"7 dBm"
1047,2,2,"7 dBm"
1048,2,2,"7 dBm"
1049,2,2,"7 dBm"
1050,2,2,"7 dBm"
1051,2,2,"7 dBm"
1052,2,2,"7 dBm"
1053,2,2,"7 dBm"
1054,2,2,"7 dBm"
1055,2,2,"7 dBm"
1056,2,2,"7 dBm"
1057,2,2,"7 dBm"
1058,2,2,"7 dBm"
1059,2,2,"7 dBm"
1060,2,2,"7 dBm"
1061,2,2,"7 dBm"
1062,2,2,"7 dBm"
1063,2,2,"7 dBm"
1064,2,2,"7 dBm"
1065,2,2,"7 dBm"
1066,2,2,"7 dBm"
1067,2,2,"7 dBm"
1068,2,2,"7 dBm"
1069,2,2,"7 dBm"
1070,2,2,"7 dBm"
1071,2,2,"7 dBm"
1072,2,2,"7 dBm"
1073,2,2,"7 dBm"
1074,2,2,"7 dBm"
1075,2,2,"7 dBm"
1076,2,2,"7 dBm"
1077,2,2,"7 dBm"
1078,2,2,"7 dBm"
1079,2,2,"7 dBm"
1080,2,2,"7 dBm"
1081,2,2,"7 dBm"
1082,2,2,"7 dBm"
1083,2,2,"7 dBm"
1084,2,2,"7 dBm"
1085,2,2,"7 dBm"
1086,2,2,"7 dBm"
1087,2,2,"7 dBm"
1088,2,2,"7 dBm"
1089,2,2,"7 dBm"
1090,2,2,"7 dBm"
1091,2,2,"7 dBm"
1092,2,2,"7 dBm"
1093,2,2,"7 dBm"
1094,2,2,"7 dBm"
1095,2,2,"7 dBm"
1096,2,2,"7 dBm"
1097,2,2,"7 dBm"
1098,2,2,"7 dBm"
1099,2,2,"7 dBm"
1100,2,2,"7 dBm"
1101,2,2,"7 dBm"
1102,2,2,"7 dBm"
1103,2,2,"7 dBm"
1104,2,2,"7 dBm"
1105,2,2,"7 dBm"
1106,2,2,"7 dBm"
1107,2,2,"7 dBm"
1108,2,2,"7 dBm"
1109,2,2,"7 dBm"
1110,2,2,"7 dBm"
1111,2,2,"7 dBm"
1112,2,2,"7 dBm"
1113,2,2,"7 dBm"
1114,2,2,"7 dBm"
1115,2,2,"7 dBm"
1116,2,2,"7 dBm"
1117,2,2,"7 dBm"
1118,2,2,"7 dBm"
1119,2,2,"7 dBm"
1120,2,2,"7 dBm"
1121,2,2,"7 dBm"
1122,2,2,"7 dBm"
1123,2,2,"7 dBm"
1124,2,2,"7 dBm"
1125,2,2,"7 dBm"
1126,2,2,"7 dBm"
1127,2,2,"7 dBm"
1128,2,2,"7 dBm"
1129,2,2,"7 dBm"
1130,2,2,"7 dBm"
1131,2,2,"7 dBm"
1132,2,2,"7 dBm"
1133,2,2,"7 dBm"
1134,2,2,"7 dBm"
1135,2,2,"7 dBm"
1136,2,2,"7 dBm"
1137,2,2,"7 dBm"
1138,2,2,"7 dBm"
1139,2,2,"7 dBm"
1140,2,2,"7 dBm"
1141,2,2,"7 dBm"
1142,2,2,"7 dBm"
1143,2,2,"7 dBm"
1144,2,2,"7 dBm"
1145,2,2,"7 dBm"
1146,2,2,"7 dBm"
1147,2,2,"7 dBm"
1148,2,2,"7 dBm"
1149,2,2,"7 dBm"
1150,2,2,"7 dBm"
1151,2,2,"7 dBm"
1152,2,2,"7 dBm"
1153,2,2,"7 dBm"
1154,2,2,"7 dBm"
1155,2,2,"7 dBm"
1156,2,2,"7 dBm"
1157,2,2,"7 dBm"
1158,2,2,"7 dBm"
1159,2,2,"7 dBm"
1160,2,2,"7 dBm"
1161,2,2,"7 dBm"
1162,2,2,"7 dBm"
1163,2,2,"7 dBm"
1164,2,2,"7 dBm"
1165,2,2,"7 dBm"
1166,2,2,"7 dBm"
1167,2,2,"7 dBm"
1168,2,2,"7 dBm"
1169,2,2,"7 dBm"
1170,2,2,"7 dBm"
1171,2,2,"7 dBm"
1172,2,2,"7 dBm"
1173,2,2,"7 dBm"
1174,2,2,"7 dBm"
1175,2,2,"7 dBm"
1176,2,2,"7 dBm"
1177,2,2,"7 dBm"
1178,2,2,"7 dBm"
1179,2,2,"7 dBm"
1180,2,2,"7 dBm"
1181,2,2,"7 dBm"
1182,2,2,"7 dBm"
1183,2,2,"7 dBm"
1184,2,2,"7 dBm"
1185,2,2,"7 dBm"
1186,2,2,"7 dBm"
1187,2,2,"7 dBm"
1188,2,2,"7 dBm"
1189,1,1,"7 dBm"
1190,2,2,"7 dBm"
1191,2,2,"7 dBm"
1192,2,2,"7 dBm"
1193,2,2,"7 dBm"
1194,2,2,"7 dBm"
1195,2,2,"7 dBm"
1196,2,2,"7 dBm"
1197,2,2,"7 dBm"
1198,1,1,"7 dBm"
1199,1,1,"7 dBm"
1200,1,1,"7 dBm"
1201,1,1,"7 dBm"
1202,1,1,"7 dBm"
1203,1,1,"7 dBm"
1204,1,1,"7 dBm"
1205,1,1,"7 dBm"
1206,1,1,"7 dBm"
1207,1,1,"7 dBm"
1208,1,1,"7 dBm"
1209,1,1,"7 dBm"
1210,1,1,"7 dBm"
1211,1,1,"7 dBm"
1212,1,1,"7 dBm"
1213,1,1,"7 dBm"
1214,1,1,"7 dBm"
1215,1,1,"7 dBm"
1216,1,1,"7 dBm"
1217,1,1,"7 dBm"
1218,1,1,"7 dBm"
1219,1,1,"7 dBm"
1220,1,1,"7 dBm"
1221,1,1,"7 dBm"
1222,1,1,"7 dBm"
1223,1,1,"7 dBm"
1224,1,1,"7 dBm"
1225,1,1,"7 dBm"
1226,3,3,"9 dBm"
1227,3,3,"9 dBm"
1228,3,3,"9 dBm"
1229,3,3,"9 dBm"
1230,3,3,"9 dBm"
1231,3,3,"9 dBm"
1232,3,3,"9 dBm"
1233,3,3,"9 dBm"
1234,3,3,"9 dBm"
1235,3,3,"9 dBm"
1236,3,3,"9 dBm"
1237,3,3,"9 dBm"
1238,3,3,"9 dBm"
1239,3,3,"9 dBm"
1240,3,3,"9 dBm"
1241,3,3,"9 dBm"
1242,3,3,"9 dBm"
1243,3,3,"9 dBm"
1244,3,3,"9 dBm"
1245,3,3,"9 dBm"
1246,3,3,"9 dBm"
1247,3,3,"9 dBm"
1248,3,3,"9 dBm"
1249,3,3,"9 dBm"
1250,3,3,"9 dBm"
1251,3,3,"9 dBm"
1252,3,3,"9 dBm"
1253,3,3,"9 dBm"
1254,3,3,"9 dBm"
1255,3,3,"9 dBm"
1256,3,3,"9 dBm"
1257,3,3,"9 dBm"
1258,3,3,"9 dBm"
1259,3,3,"9 dBm"
1260,3,3,"9 dBm"
1261,3,3,"9 dBm"
1262,3,3,"9 dBm"
1263,3,3,"9 dBm"
1264,3,3,"9 dBm"
1265,3,3,"9 dBm"
1266,3,3,"9 dBm"
1267,3,3,"9 dBm"
1268,3,3,"9 dBm"
1269,3,3,"9 dBm"
1270,3,3,"9 dBm"
1271,3,3,"9 dBm"
1272,3,3,"9 dBm"
1273,3,3,"9 dBm"
1274,3,3,"9 dBm"
1275,3,3,"9 dBm"
1276,3,3,"9 dBm"
1277,3,3,"9 dBm"
1278,3,3,"9 dBm"
1279,3,3,"9 dBm"
1280,3,3,"9 dBm"
1281,3,3,"9 dBm"
1282,3,3,"9 dBm"
1283,3,3,"9 dBm"
1284,3,3,"9 dBm"
1285,3,3,"9 dBm"
1286,3,3,"9 dBm"
1287,3,3,"9 dBm"
1288,3,3,"9 dBm"
1289,3,3,"9 dBm"
1290,3,3,"9 dBm"
1291,3,3,"9 dBm"
1292,3,3,"9 dBm"
1293,3,3,"9 dBm"
1294,3,3,"9 dBm"
1295,3,3,"9 dBm"
1296,3,3,"9 dBm"
1297,3,3,"9 dBm"
1298,3,3,"9 dBm"
1299,3,3,"9 dBm"
1300,3,3,"9 dBm"
1301,3,3,"9 dBm"
1302,3,3,"9 dBm"
1303,3,3,"9 dBm"
1304,3,3,"9 dBm"
1305,3,3,"9 dBm"
1306,3,3,"9 dBm"
1307,3,3,"9 dBm"
1308,3,3,"9 dBm"
1309,3,3,"9 dBm"
1310,3,3,"9 dBm"
1311,3,3,"9 dBm"
1312,3,3,"9 dBm"
1313,3,3,"9 dBm"
1314,3,3,"9 dBm"
1315,3,3,"9 dBm"
1316,3,3,"9 dBm"
1317,3,3,"9 dBm"
1318,3,3,"9 dBm"
1319,3,3,"9 dBm"
1320,3,3,"9 dBm"
1321,3,3,"9 dBm"
1322,3,3,"9 dBm"
1323,3,3,"9 dBm"
1324,3,3,"9 dBm"
1325,3,3,"9 dBm"
1326,3,3,"9 dBm"
1327,3,3,"9 dBm"
1328,3,3,"9 dBm"
1329,3,3,"9 dBm"
1330,3,3,"9 dBm"
1331,3,3,"9 dBm"
1332,3,3,"9 dBm"
1333,3,2,"9 dBm"
1334,3,2,"9 dBm"
1335,3,2,"9 dBm"
1336,3,2,"9 dBm"
1337,3,2,"9 dBm"
1338,3,2,"9 dBm"
1339,3,2,"9 dBm"
1340,3,2,"9 dBm"
1341,3,2,"9 dBm"
1342,3,2,"9 dBm"
1343,3,2,"9 dBm"
1344,3,2,"9 dBm"
1345,3,2,"9 dBm"
1346,3,2,"9 dBm"
1347,3,2,"9 dBm"
1348,3,2,"9 dBm"
1349,3,2,"9 dBm"
1350,3,2,"9 dBm"
1351,3,2,"9 dBm"
1352,3,2,"9 dBm"
1353,3,2,"9 dBm"
1354,3,2,"9 dBm"
1355,3,2,"9 dBm"
1356,3,2,"9 dBm"
1357,3,2,"9 dBm"
1358,3,2,"9 dBm"
1359,3,2,"9 dBm"
1360,3,2,"9 dBm"
1361,3,2,"9 dBm"
1362,3,2,"9 dBm"
1363,3,2,"9 dBm"
1364,3,2,"9 dBm"
1365,2,2,"9 dBm"
1366,2,2,"9 dBm"
1367,2,2,"9 dBm"
1368,2,2,"9 dBm"
1369,2,2,"9 dBm"
1370,2,2,"9 dBm"
1371,2,2,"9 dBm"
1372,2,2,"9 dBm"
1373,2,2,"9 dBm"
1374,2,2,"9 dBm"
1375,2,2,"9 dBm"
1376,2,2,"9 dBm"
1377,2,2,"9 dBm"
1378,2,2,"9 dBm"
1379,2,2,"9 dBm"
1380,2,2,"9 dBm"
1381,2,2,"9 dBm"
1382,2,2,"9 dBm"
1383,2,2,"9 dBm"
1384,2,2,"9 dBm"
1385,2,2,"9 dBm"
1386,2,2,"9 dBm"
1387,2,2,"9 dBm"
1388,2,2,"9 dBm"
1389,2,2,"9 dBm"
1390,2,2,"9 dBm"
1391,2,2,"9 dBm"
1392,2,2,"9 dBm"
1393,2,2,"9 dBm"
1394,2,2,"9 dBm"
1395,2,2,"9 dBm"
1396,2,2,"9 dBm"
1397,2,2,"9 dBm"
1398,2,2,"9 dBm"
1399,2,2,"9 dBm"
1400,2,2,"9 dBm"
1401,2,2,"9 dBm"
1402,2,2,"9 dBm"
1403,2,2,"9 dBm"
1404,2,2,"9 dBm"
1405,2,2,"9 dBm"
1406,2,2,"9 dBm"
1407,2,2,"9 dBm"
1408,2,2,"9 dBm"
1409,2,2,"9 dBm"
1410,2,2,"9 dBm"
1411,2,2,"9 dBm"
1412,2,2,"9 dBm"
1413,2,2,"9 dBm"
1414,2,2,"9 dBm"
1415,2,2,"9 dBm"
1416,2,2,"9 dBm"
1417,2,2,"9 dBm"
1418,2,2,"9 dBm"
1419,2,2,"9 dBm"
1420,2,2,"9 dBm"
1421,2,2,"9 dBm"
1422,2,2,"9 dBm"
1423,2,2,"9 dBm"
1424,2,2,"9 dBm"
1425,2,2,"9 dBm"
1426,2,2,"9 dBm"
1427,2,2,"9 dBm"
1428,2,2,"9 dBm"
1429,2,2,"9 dBm"
1430,2,2,"9 dBm"
1431,2,2,"9 dBm"
1432,2,2,"9 dBm"
1433,2,2,"9 dBm"
1434,2,2,"9 dBm"
1435,2,2,"9 dBm"
1436,2,2,"9 dBm"
1437,2,2,"9 dBm"
1438,2,2,"9 dBm"
1439,2,2,"9 dBm"
1440,2,2,"9 dBm"
1441,2,2,"9 dBm"
1442,2,2,"9 dBm"
1443,2,2,"9 dBm"
1444,2,2,"9 dBm"
1445,2,2,"9 dBm"
1446,2,2,"9 dBm"
1447,2,2,"9 dBm"
1448,2,2,"9 dBm"
1449,2,2,"9 dBm"
1450,2,2,"9 dBm"
1451,2,2,"9 dBm"
1452,2,2,"9 dBm"
1453,2,2,"9 dBm"
1454,2,2,"9 dBm"
1455,2,2,"9 dBm"
1456,2,2,"9 dBm"
1457,2,2,"9 dBm"
1458,2,2,"9 dBm"
1459,2,2,"9 dBm"
1460,2,2,"9 dBm"
1461,2,2,"9 dBm"
1462,2,2,"9 dBm"
1463,2,2,"9 dBm"
1464,2,2,"9 dBm"
1465,2,2,"9 dBm"
1466,2,2,"9 dBm"
1467,2,2,"9 dBm"
1468,2,2,"9 dBm"
1469,2,2,"9 dBm"
1470,2,2,"9 dBm"
1471,2,2,"9 dBm"
1472,2,2,"9 dBm"
1473,2,2,"9 dBm"
1474,2,2,"9 dBm"
1475,2,2,"9 dBm"
1476,2,2,"9 dBm"
1477,2,2,"9 dBm"
1478,2,2,"9 dBm"
1479,2,2,"9 dBm"
1480,2,2,"9 dBm"
1481,2,2,"9 dBm"
1482,2,2,"9 dBm"
1483,2,2,"9 dBm"
1484,2,2,"9 dBm"
1485,2,2,"9 dBm"
1486,2,2,"9 dBm"
1487,2,2,"9 dBm"
1488,2,2,"9 dBm"
1489,2,2,"9 dBm"
1490,2,2,"9 dBm"
1491,2,2,"9 dBm"
1492,2,2,"9 dBm"
1493,2,2,"9 dBm"
1494,2,2,"9 dBm"
1495,2,2,"9 dBm"
1496,2,2,"9 dBm"
1497,1,1,"9 dBm"
1498,2,2,"9 dBm"
1499,1,1,"9 dBm"
1500,2,2,"9 dBm"
1501,2,2,"9 dBm"
1502,2,2,"9 dBm"
1503,2,2,"9 dBm"
1504,2,2,"9 dBm"
1505,2,2,"9 dBm"
1506,2,2,"9 dBm"
1507,2,2,"9 dBm"
1508,2,2,"9 dBm"
1509,2,2,"9 dBm"
1510,2,2,"9 dBm"
1511,2,2,"9 dBm"
1512,2,2,"9 dBm"
1513,2,2,"9 dBm"
1514,2,2,"9 dBm"
1515,2,2,"9 dBm"
1516,1,1,"9 dBm"
1517,2,2,"9 dBm"
1518,1,1,"9 dBm"
1519,1,1,"9 dBm"
1520,1,1,"9 dBm"
1521,1,1,"9 dBm"
1522,1,1,"9 dBm"
1523,1,1,"9 dBm"
1524,1,1,"9 dBm"
1525,1,1,"9 dBm"
1526,1,1,"9 dBm"
1527,1,1,"9 dBm"
1528,1,1,"9 dBm"
1529,1,1,"9 dBm"
1530,1,1,"9 dBm"
1531,1,1,"9 dBm"
1532,1,1,"9 dBm"
1533,1,1,"9 dBm"
1534,1,1,"9 dBm"
1535,1,1,"9 dBm"
1536,1,1,"9 dBm"
1537,1,1,"9 dBm"
1538,1,1,"9 dBm"
1539,1,1,"9 dBm"
1540,1,1,"9 dBm"
1541,1,1,"9 dBm"
1542,1,1,"9 dBm"
1543,1,1,"9 dBm"
1544,1,1,"9 dBm"
1545,3,3,"12 dBm"
1546,3,3,"12 dBm"
1547,3,3,"12 dBm"
1548,3,3,"12 dBm"
1549,3,3,"12 dBm"
1550,3,3,"12 dBm"
1551,3,3,"12 dBm"
1552,3,3,"12 dBm"
1553,3,3,"12 dBm"
1554,3,3,"12 dBm"
1555,3,3,"12 dBm"
1556,3,3,"12 dBm"
1557,3,3,"12 dBm"
1558,3,3,"12 dBm"
1559,3,3,"12 dBm"
1560,3,3,"12 dBm"
1561,3,3,"12 dBm"
1562,3,3,"12 dBm"
1563,3,3,"12 dBm"
1564,3,3,"12 dBm"
1565,3,3,"12 dBm"
1566,3,3,"12 dBm"
1567,3,3,"12 dBm"
1568,3,3,"12 dBm"
1569,3,3,"12 dBm"
1570,3,3,"12 dBm"
1571,3,3,"12 dBm"
1572,3,3,"12 dBm"
1573,3,3,"12 dBm"
1574,3,3,"12 dBm"
1575,3,3,"12 dBm"
1576,3,3,"12 dBm"
1577,3,3,"12 dBm"
1578,3,3,"12 dBm"
1579,3,3,"12 dBm"
1580,3,3,"12 dBm"
1581,3,3,"12 dBm"
1582,3,3,"12 dBm"
1583,3,3,"12 dBm"
1584,3,3,"12 dBm"
1585,3,3,"12 dBm"
1586,3,3,"12 dBm"
1587,3,3,"12 dBm"
1588,3,3,"12 dBm"
1589,3,3,"12 dBm"
1590,3,3,"12 dBm"
1591,3,3,"12 dBm"
1592,3,3,"12 dBm"
1593,3,3,"12 dBm"
1594,3,3,"12 dBm"
1595,3,3,"12 dBm"
1596,3,3,"12 dBm"
1597,3,3,"12 dBm"
1598,3,3,"12 dBm"
1599,3,3,"12 dBm"
1600,3,3,"12 dBm"
1601,3,3,"12 dBm"
1602,3,3,"12 dBm"
1603,3,3,"12 dBm"
1604,3,3,"12 dBm"
1605,3,3,"12 dBm"
1606,3,3,"12 dBm"
1607,3,3,"12 dBm"
1608,3,3,"12 dBm"
1609,3,3,"12 dBm"
1610,3,3,"12 dBm"
1611,3,3,"12 dBm"
1612,3,3,"12 dBm"
1613,3,3,"12 dBm"
1614,3,3,"12 dBm"
1615,3,3,"12 dBm"
1616,3,3,"12 dBm"
1617,3,3,"12 dBm"
1618,3,3,"12 dBm"
1619,3,3,"12 dBm"
1620,3,3,"12 dBm"
1621,3,3,"12 dBm"
1622,3,3,"12 dBm"
1623,3,3,"12 dBm"
1624,3,3,"12 dBm"
1625,3,3,"12 dBm"
1626,3,3,"12 dBm"
1627,3,3,"12 dBm"
1628,3,3,"12 dBm"
1629,3,3,"12 dBm"
1630,3,3,"12 dBm"
1631,3,3,"12 dBm"
1632,3,3,"12 dBm"
1633,3,3,"12 dBm"
1634,3,3,"12 dBm"
1635,3,3,"12 dBm"
1636,3,3,"12 dBm"
1637,3,3,"12 dBm"
1638,3,3,"12 dBm"
1639,3,3,"12 dBm"
1640,3,3,"12 dBm"
1641,3,3,"12 dBm"
1642,3,3,"12 dBm"
1643,3,3,"12 dBm"
1644,3,3,"12 dBm"
1645,3,3,"12 dBm"
1646,3,3,"12 dBm"
1647,3,3,"12 dBm"
1648,3,3,"12 dBm"
1649,3,3,"12 dBm"
1650,3,3,"12 dBm"
1651,3,3,"12 dBm"
1652,3,3,"12 dBm"
1653,3,3,"12 dBm"
1654,3,3,"12 dBm"
1655,3,3,"12 dBm"
1656,3,3,"12 dBm"
1657,3,3,"12 dBm"
1658,3,3,"12 dBm"
1659,3,3,"12 dBm"
1660,3,3,"12 dBm"
1661,3,3,"12 dBm"
1662,3,3,"12 dBm"
1663,3,3,"12 dBm"
1664,3,3,"12 dBm"
1665,3,3,"12 dBm"
1666,3,3,"12 dBm"
1667,3,3,"12 dBm"
1668,3,3,"12 dBm"
1669,3,3,"12 dBm"
1670,3,3,"12 dBm"
1671,3,3,"12 dBm"
1672,3,3,"12 dBm"
1673,3,3,"12 dBm"
1674,3,3,"12 dBm"
1675,3,3,"12 dBm"
1676,3,3,"12 dBm"
1677,3,3,"12 dBm"
1678,3,3,"12 dBm"
1679,3,3,"12 dBm"
1680,3,3,"12 dBm"
1681,3,3,"12 dBm"
1682,3,3,"12 dBm"
1683,3,3,"12 dBm"
1684,3,3,"12 dBm"
1685,3,3,"12 dBm"
1686,3,3,"12 dBm"
1687,3,3,"12 dBm"
1688,3,3,"12 dBm"
1689,3,3,"12 dBm"
1690,3,3,"12 dBm"
1691,3,3,"12 dBm"
1692,3,3,"12 dBm"
1693,3,3,"12 dBm"
1694,3,3,"12 dBm"
1695,3,3,"12 dBm"
1696,3,3,"12 dBm"
1697,3,3,"12 dBm"
1698,3,3,"12 dBm"
1699,3,3,"12 dBm"
1700,3,3,"12 dBm"
1701,3,3,"12 dBm"
1702,3,3,"12 dBm"
1703,3,3,"12 dBm"
1704,3,3,"12 dBm"
1705,3,3,"12 dBm"
1706,3,3,"12 dBm"
1707,3,3,"12 dBm"
1708,3,3,"12 dBm"
1709,3,3,"12 dBm"
1710,3,3,"12 dBm"
1711,3,3,"12 dBm"
1712,3,3,"12 dBm"
1713,3,3,"12 dBm"
1714,3,3,"12 dBm"
1715,3,3,"12 dBm"
1716,3,3,"12 dBm"
1717,3,3,"12 dBm"
1718,3,3,"12 dBm"
1719,3,3,"12 dBm"
1720,3,3,"12 dBm"
1721,3,3,"12 dBm"
1722,3,3,"12 dBm"
1723,3,3,"12 dBm"
1724,3,3,"12 dBm"
1725,3,3,"12 dBm"
1726,3,3,"12 dBm"
1727,3,3,"12 dBm"
1728,3,3,"12 dBm"
1729,3,3,"12 dBm"
1730,3,3,"12 dBm"
1731,3,3,"12 dBm"
1732,3,3,"12 dBm"
1733,3,3,"12 dBm"
1734,3,3,"12 dBm"
1735,3,3,"12 dBm"
1736,3,3,"12 dBm"
1737,3,3,"12 dBm"
1738,3,3,"12 dBm"
1739,3,3,"12 dBm"
1740,3,3,"12 dBm"
1741,3,3,"12 dBm"
1742,3,3,"12 dBm"
1743,3,3,"12 dBm"
1744,3,3,"12 dBm"
1745,3,3,"12 dBm"
1746,3,3,"12 dBm"
1747,3,3,"12 dBm"
1748,3,3,"12 dBm"
1749,3,3,"12 dBm"
1750,3,3,"12 dBm"
1751,3,3,"12 dBm"
1752,3,3,"12 dBm"
1753,3,3,"12 dBm"
1754,3,3,"12 dBm"
1755,3,3,"12 dBm"
1756,3,3,"12 dBm"
1757,3,3,"12 dBm"
1758,3,3,"12 dBm"
1759,3,3,"12 dBm"
1760,3,3,"12 dBm"
1761,3,3,"12 dBm"
1762,3,3,"12 dBm"
1763,3,3,"12 dBm"
1764,3,3,"12 dBm"
1765,3,3,"12 dBm"
1766,3,3,"12 dBm"
1767,3,3,"12 dBm"
1768,3,3,"12 dBm"
1769,3,3,"12 dBm"
1770,3,3,"12 dBm"
1771,3,3,"12 dBm"
1772,3,3,"12 dBm"
1773,3,3,"12 dBm"
1774,3,3,"12 dBm"
1775,3,3,"12 dBm"
1776,3,3,"12 dBm"
1777,3,3,"12 dBm"
1778,3,3,"12 dBm"
1779,3,3,"12 dBm"
1780,3,3,"12 dBm"
1781,3,3,"12 dBm"
1782,3,3,"12 dBm"
1783,3,3,"12 dBm"
1784,3,3,"12 dBm"
1785,3,3,"12 dBm"
1786,3,3,"12 dBm"
1787,3,3,"12 dBm"
1788,3,3,"12 dBm"
1789,3,3,"12 dBm"
1790,3,3,"12 dBm"
1791,3,3,"12 dBm"
1792,3,3,"12 dBm"
1793,3,3,"12 dBm"
1794,3,3,"12 dBm"
1795,3,3,"12 dBm"
1796,3,3,"12 dBm"
1797,3,3,"12 dBm"
1798,3,3,"12 dBm"
1799,3,3,"12 dBm"
1800,3,3,"12 dBm"
1801,3,3,"12 dBm"
1802,3,3,"12 dBm"
1803,3,3,"12 dBm"
1804,3,3,"12 dBm"
1805,3,3,"12 dBm"
1806,3,3,"12 dBm"
1807,3,3,"12 dBm"
1808,3,3,"12 dBm"
1809,3,3,"12 dBm"
1810,3,3,"12 dBm"
1811,3,3,"12 dBm"
1812,3,3,"12 dBm"
1813,3,3,"12 dBm"
1814,3,3,"12 dBm"
1815,3,3,"12 dBm"
1816,3,3,"12 dBm"
1817,3,3,"12 dBm"
1818,3,3,"12 dBm"
1819,3,3,"12 dBm"
1820,3,3,"12 dBm"
1821,3,3,"12 dBm"
1822,3,3,"12 dBm"
1823,3,3,"12 dBm"
1824,3,3,"12 dBm"
1825,3,3,"12 dBm"
1826,3,3,"12 dBm"
1827,3,3,"12 dBm"
1828,3,3,"12 dBm"
1829,3,3,"12 dBm"
1830,3,3,"12 dBm"
1831,3,3,"12 dBm"
1832,3,3,"12 dBm"
1833,3,3,"12 dBm"
1834,3,3,"12 dBm"
1835,3,3,"12 dBm"
1836,3,3,"12 dBm"
1837,3,3,"12 dBm"
1838,3,3,"12 dBm"
1839,3,3,"12 dBm"
1840,3,3,"12 dBm"
1841,3,3,"12 dBm"
1842,3,3,"12 dBm"
1843,3,3,"12 dBm"
1844,3,3,"12 dBm"
1845,3,3,"12 dBm"
1846,3,3,"12 dBm"
1847,3,3,"12 dBm"
1848,3,2,"12 dBm"
1849,3,2,"12 dBm"
1850,3,2,"12 dBm"
1851,3,2,"12 dBm"
1852,3,2,"12 dBm"
1853,3,2,"12 dBm"
1854,3,2,"12 dBm"
1855,3,2,"12 dBm"
1856,3,2,"12 dBm"
1857,3,2,"12 dBm"
1858,3,2,"12 dBm"
1859,3,2,"12 dBm"
1860,3,2,"12 dBm"
1861,3,2,"12 dBm"
1862,3,2,"12 dBm"
1863,3,2,"12 dBm"
1864,3,2,"12 dBm"
1865,3,2,"12 dBm"
1866,3,2,"12 dBm"
1867,3,2,"12 dBm"
1868,3,2,"12 dBm"
1869,3,2,"12 dBm"
1870,3,2,"12 dBm"
1871,3,2,"12 dBm"
1872,3,2,"12 dBm"
1873,3,2,"12 dBm"
1874,3,2,"12 dBm"
1875,3,2,"12 dBm"
1876,3,2,"12 dBm"
1877,3,2,"12 dBm"
1878,3,2,"12 dBm"
1879,3,2,"12 dBm"
1880,3,2,"12 dBm"
1881,3,2,"12 dBm"
1882,3,2,"12 dBm"
1883,3,2,"12 dBm"
1884,3,2,"12 dBm"
1885,3,2,"12 dBm"
1886,3,2,"12 dBm"
1887,3,2,"12 dBm"
1888,3,2,"12 dBm"
1889,3,2,"12 dBm"
1890,3,2,"12 dBm"
1891,3,2,"12 dBm"
1892,3,2,"12 dBm"
1893,3,2,"12 dBm"
1894,3,2,"12 dBm"
1895,3,2,"12 dBm"
1896,3,2,"12 dBm"
1897,3,2,"12 dBm"
1898,3,2,"12 dBm"
1899,3,2,"12 dBm"
1900,3,2,"12 dBm"
1901,3,2,"12 dBm"
1902,3,2,"12 dBm"
1903,2,2,"12 dBm"
1904,2,2,"12 dBm"
1905,2,2,"12 dBm"
1906,2,2,"12 dBm"
1907,2,2,"12 dBm"
1908,2,2,"12 dBm"
1909,2,2,"12 dBm"
1910,2,2,"12 dBm"
1911,2,2,"12 dBm"
1912,2,2,"12 dBm"
1913,2,2,"12 dBm"
1914,2,2,"12 dBm"
1915,2,2,"12 dBm"
1916,2,2,"12 dBm"
1917,2,2,"12 dBm"
1918,2,2,"12 dBm"
1919,2,2,"12 dBm"
1920,2,2,"12 dBm"
1921,2,2,"12 dBm"
1922,2,2,"12 dBm"
1923,2,2,"12 dBm"
1924,2,2,"12 dBm"
1925,2,2,"12 dBm"
1926,2,2,"12 dBm"
1927,2,2,"12 dBm"
1928,2,2,"12 dBm"
1929,2,2,"12 dBm"
1930,2,2,"12 dBm"
1931,2,2,"12 dBm"
1932,2,2,"12 dBm"
1933,2,2,"12 dBm"
1934,2,2,"12 dBm"
1935,2,2,"12 dBm"
1936,2,2,"12 dBm"
1937,2,2,"12 dBm"
1938,2,2,"12 dBm"
1939,2,2,"12 dBm"
1940,2,2,"12 dBm"
1941,2,2,"12 dBm"
1942,2,2,"12 dBm"
1943,2,2,"12 dBm"
1944,2,2,"12 dBm"
1945,2,2,"12 dBm"
1946,2,2,"12 dBm"
1947,2,2,"12 dBm"
1948,2,2,"12 dBm"
1949,2,2,"12 dBm"
1950,1,2,"12 dBm"
1951,2,2,"12 dBm"
1952,2,2,"12 dBm"
1953,2,2,"12 dBm"
1954,1,2,"12 dBm"
1955,2,2,"12 dBm"
1956,2,2,"12 dBm"
1957,2,2,"12 dBm"
1958,2,2,"12 dBm"
1959,1,2,"12 dBm"
1960,2,2,"12 dBm"
1961,2,2,"12 dBm"
1962,2,2,"12 dBm"
1963,1,2,"12 dBm"
1964,1,2,"12 dBm"
1965,2,2,"12 dBm"
1966,2,2,"12 dBm"
1967,2,2,"12 dBm"
1968,1,2,"12 dBm"
1969,1,2,"12 dBm"
1970,2,2,"12 dBm"
1971,2,2,"12 dBm"
1972,2,2,"12 dBm"
1973,2,2,"12 dBm"
1974,2,2,"12 dBm"
1975,2,2,"12 dBm"
1976,2,2,"12 dBm"
1977,2,2,"12 dBm"
1978,2,2,"12 dBm"
1979,2,2,"12 dBm"
1980,2,2,"12 dBm"
1981,2,2,"12 dBm"
1982,2,2,"12 dBm"
1983,2,2,"12 dBm"
1984,2,2,"12 dBm"
1985,2,2,"12 dBm"
1986,1,1,"12 dBm"
1987,1,1,"12 dBm"
1988,1,1,"12 dBm"
1989,1,1,"12 dBm"
1990,1,1,"12 dBm"
1991,1,1,"12 dBm"
1992,1,1,"12 dBm"
1993,1,1,"12 dBm"
1994,1,1,"12 dBm"
1995,1,1,"12 dBm"
1996,1,1,"12 dBm"
1997,1,1,"12 dBm"
1998,1,1,"12 dBm"
1999,1,1,"12 dBm"
2000,1,1,"12 dBm"
2001,1,1,"12 dBm"
2002,1,1,"12 dBm"
2003,1,1,"12 dBm"
2004,1,1,"12 dBm"
2005,1,1,"12 dBm"
2006,1,1,"12 dBm"
2007,1,1,"12 dBm"
2008,1,1,"12 dBm"
2009,1,1,"12 dBm"
2010,1,1,"12 dBm"
2011,1,1,"12 dBm"
2012,1,1,"12 dBm"
2013,1,1,"12 dBm"
2014,1,1,"12 dBm"
2015,1,1,"12 dBm"
2016,1,1,"12 dBm"
2017,1,1,"12 dBm"
2018,1,1,"12 dBm"
2019,1,1,"12 dBm"
2020,1,1,"12 dBm"
2021,1,1,"12 dBm"
2022,1,1,"12 dBm"
2023,1,1,"12 dBm"
2024,1,1,"12 dBm"
2025,1,1,"12 dBm"
2026,1,1,"12 dBm"
2027,1,1,"12 dBm"
2028,1,1,"12 dBm"
2029,1,1,"12 dBm"
2030,1,1,"12 dBm"
2031,1,1,"12 dBm"
2032,1,1,"12 dBm"
2033,1,1,"12 dBm"
2034,1,1,"12 dBm"
2035,1,1,"12 dBm"
2036,1,1,"12 dBm"
2037,1,1,"12 dBm"
2038,1,1,"12 dBm"
2039,1,1,"12 dBm"
2040,1,1,"12 dBm"
2041,1,1,"12 dBm"
2042,1,1,"12 dBm"
2043,1,1,"12 dBm"
2044,1,1,"12 dBm"
2045,1,1,"12 dBm"
2046,1,1,"12 dBm"
2047,1,1,"12 dBm"
2048,1,1,"12 dBm"
2049,1,1,"12 dBm"
2050,1,1,"12 dBm"
2051,1,1,"12 dBm"
2052,1,1,"12 dBm"
2053,1,1,"12 dBm"
2054,1,1,"12 dBm"
2055,1,1,"12 dBm"
2056,1,1,"12 dBm"
2057,1,1,"12 dBm"
2058,1,1,"12 dBm"
2059,1,1,"12 dBm"
2060,1,1,"12 dBm"
2061,1,1,"12 dBm"
2062,1,1,"12 dBm"
2063,1,1,"12 dBm"
2064,1,1,"12 dBm"
2065,1,1,"12 dBm"
2066,1,1,"12 dBm"
2067,1,1,"12 dBm"
2068,1,1,"12 dBm"
2069,1,1,"12 dBm"
2070,1,1,"12 dBm"
2071,1,1,"12 dBm"
2072,1,1,"12 dBm"
2073,1,1,"12 dBm"
2074,1,1,"12 dBm"
2075,1,1,"12 dBm"
2076,1,1,"12 dBm"
2077,1,1,"12 dBm"
2078,1,1,"12 dBm"
2079,1,1,"12 dBm"
2080,1,1,"12 dBm"
2081,1,1,"12 dBm"
2082,1,1,"12 dBm"
2083,1,1,"12 dBm"
2084,1,1,"12 dBm"
2085,1,1,"12 dBm"
2086,1,1,"12 dBm"
2087,1,1,"12 dBm"
2088,1,1,"12 dBm"
2089,1,1,"12 dBm"
2090,1,1,"12 dBm"
2091,1,1,"12 dBm"
2092,1,1,"12 dBm"
2093,1,1,"12 dBm"
2094,1,1,"12 dBm"
2095,1,1,"12 dBm"
2096,1,1,"12 dBm"
2097,1,1,"12 dBm"
2098,1,1,"12 dBm"
2099,1,1,"12 dBm"
2100,1,1,"12 dBm"
2101,1,1,"12 dBm"
2102,1,1,"12 dBm"
2103,1,1,"12 dBm"
2104,1,1,"12 dBm"
2105,1,1,"12 dBm"
2106,1,1,"12 dBm"
2107,1,1,"12 dBm"
2108,1,1,"12 dBm"
2109,1,1,"12 dBm"
2110,1,1,"12 dBm"
